"Date","Price"
16/11/2017 00:00,7294
16/11/2017 01:00,7230.01
16/11/2017 02:00,7166.12
16/11/2017 03:00,7180.44
16/11/2017 04:00,7260
16/11/2017 05:00,7224.57
16/11/2017 06:00,7221.39
16/11/2017 07:00,7289.5
16/11/2017 08:00,7408.23
16/11/2017 09:00,7404
16/11/2017 10:00,7468
16/11/2017 11:00,7494.99
16/11/2017 12:00,7408.31
16/11/2017 13:00,7434.9
16/11/2017 14:00,7405
16/11/2017 15:00,7489.9
16/11/2017 16:00,7462
16/11/2017 17:00,7474.82
16/11/2017 18:00,7694.65
16/11/2017 19:00,7815.8
16/11/2017 20:00,7755
16/11/2017 21:00,7749.93
16/11/2017 22:00,7886.88
16/11/2017 23:00,7799.98
17/11/2017 00:00,7846.96
17/11/2017 01:00,7935.58
17/11/2017 02:00,7899.89
17/11/2017 03:00,7906.84
17/11/2017 04:00,7900.65
17/11/2017 05:00,7889.91
17/11/2017 06:00,7927.37
17/11/2017 07:00,7858.88
17/11/2017 08:00,7537.03
17/11/2017 09:00,7722.98
17/11/2017 10:00,7777.91
17/11/2017 11:00,7871.9
17/11/2017 12:00,7807
17/11/2017 13:00,7760.99
17/11/2017 14:00,7816.13
17/11/2017 15:00,7904.98
17/11/2017 16:00,7964.94
17/11/2017 17:00,7870
17/11/2017 18:00,7827.63
17/11/2017 19:00,7839.37
17/11/2017 20:00,7812
17/11/2017 21:00,7690
17/11/2017 22:00,7710.01
17/11/2017 23:00,7750
18/11/2017 00:00,7675
18/11/2017 01:00,7590.97
18/11/2017 02:00,7487.24
18/11/2017 03:00,7477.72
18/11/2017 04:00,7596.82
18/11/2017 05:00,7713.24
18/11/2017 06:00,7693.87
18/11/2017 07:00,7619.01
18/11/2017 08:00,7722.73
18/11/2017 09:00,7781.18
18/11/2017 10:00,7808.91
18/11/2017 11:00,7746.64
18/11/2017 12:00,7799
18/11/2017 13:00,7708
18/11/2017 14:00,7650
18/11/2017 15:00,7697.83
18/11/2017 16:00,7679.23
18/11/2017 17:00,7642.69
18/11/2017 18:00,7722.37
18/11/2017 19:00,7756
18/11/2017 20:00,7735.46
18/11/2017 21:00,7748.3
18/11/2017 22:00,7826.31
18/11/2017 23:00,7831.21
19/11/2017 00:00,7775.55
19/11/2017 01:00,7749.97
19/11/2017 02:00,7817
19/11/2017 03:00,7787.66
19/11/2017 04:00,7775.36
19/11/2017 05:00,7793.13
19/11/2017 06:00,7753.59
19/11/2017 07:00,7750.53
19/11/2017 08:00,7722.13
19/11/2017 09:00,7732.13
19/11/2017 10:00,7770
19/11/2017 11:00,7771.14
19/11/2017 12:00,7747.05
19/11/2017 13:00,7710
19/11/2017 14:00,7800.71
19/11/2017 15:00,7780.79
19/11/2017 16:00,7738.68
19/11/2017 17:00,7788
19/11/2017 18:00,7960.4
19/11/2017 19:00,7971.98
19/11/2017 20:00,8006
19/11/2017 21:00,8006.13
19/11/2017 22:00,7985.99
19/11/2017 23:00,8015
20/11/2017 00:00,8016.58
20/11/2017 01:00,8003.88
20/11/2017 02:00,7998.5
20/11/2017 03:00,7960.01
20/11/2017 04:00,7930.47
20/11/2017 05:00,7961.02
20/11/2017 06:00,7950
20/11/2017 07:00,7995.92
20/11/2017 08:00,7956.02
20/11/2017 09:00,8008.12
20/11/2017 10:00,7973
20/11/2017 11:00,7999.91
20/11/2017 12:00,8018.99
20/11/2017 13:00,8145
20/11/2017 14:00,8128.76
20/11/2017 15:00,8220
20/11/2017 16:00,8200.57
20/11/2017 17:00,8220
20/11/2017 18:00,8216.36
20/11/2017 19:00,8191.55
20/11/2017 20:00,8205.73
20/11/2017 21:00,8228.89
20/11/2017 22:00,8249.9
20/11/2017 23:00,8239.99
21/11/2017 00:00,8226.14
21/11/2017 01:00,8204
21/11/2017 02:00,8201.64
21/11/2017 03:00,8040
21/11/2017 04:00,7848.82
21/11/2017 05:00,7862.32
21/11/2017 06:00,8048.96
21/11/2017 07:00,8010
21/11/2017 08:00,8108.9
21/11/2017 09:00,8172.99
21/11/2017 10:00,8199.59
21/11/2017 11:00,8160.74
21/11/2017 12:00,8189.66
21/11/2017 13:00,8205.27
21/11/2017 14:00,8219.68
21/11/2017 15:00,8332
21/11/2017 16:00,8337.2
21/11/2017 17:00,8270.66
21/11/2017 18:00,8298.07
21/11/2017 19:00,8249.01
21/11/2017 20:00,8114.68
21/11/2017 21:00,8188.79
21/11/2017 22:00,8134.52
21/11/2017 23:00,7970
22/11/2017 00:00,8095.19
22/11/2017 01:00,8121.02
22/11/2017 02:00,8164.95
22/11/2017 03:00,8157.99
22/11/2017 04:00,8161.58
22/11/2017 05:00,8158.47
22/11/2017 06:00,8128.19
22/11/2017 07:00,8168.04
22/11/2017 08:00,8225.66
22/11/2017 09:00,8278.93
22/11/2017 10:00,8267.53
22/11/2017 11:00,8297.26
22/11/2017 12:00,8281
22/11/2017 13:00,8210.48
22/11/2017 14:00,8183.47
22/11/2017 15:00,8214.16
22/11/2017 16:00,8224.89
22/11/2017 17:00,8224.99
22/11/2017 18:00,8149.46
22/11/2017 19:00,8145.11
22/11/2017 20:00,8189.99
22/11/2017 21:00,8199
22/11/2017 22:00,8210.12
22/11/2017 23:00,8258.59
23/11/2017 00:00,8214.69
23/11/2017 01:00,8221.76
23/11/2017 02:00,8193.97
23/11/2017 03:00,8216.22
23/11/2017 04:00,8209.97
23/11/2017 05:00,8214.91
23/11/2017 06:00,8249
23/11/2017 07:00,8247.9
23/11/2017 08:00,8140.05
23/11/2017 09:00,8163.47
23/11/2017 10:00,8167.02
23/11/2017 11:00,8136.45
23/11/2017 12:00,8138.99
23/11/2017 13:00,8180.32
23/11/2017 14:00,8184.99
23/11/2017 15:00,8180.94
23/11/2017 16:00,8164.44
23/11/2017 17:00,8163.82
23/11/2017 18:00,8166.74
23/11/2017 19:00,8128.99
23/11/2017 20:00,8153.67
23/11/2017 21:00,8171.76
23/11/2017 22:00,8165.69
23/11/2017 23:00,8115.73
24/11/2017 00:00,7988.96
24/11/2017 01:00,7998.81
24/11/2017 02:00,7956.69
24/11/2017 03:00,8086.37
24/11/2017 04:00,8088.78
24/11/2017 05:00,8066
24/11/2017 06:00,8110.49
24/11/2017 07:00,8169.87
24/11/2017 08:00,8253
24/11/2017 09:00,8241.89
24/11/2017 10:00,8215.45
24/11/2017 11:00,8196.54
24/11/2017 12:00,8244.65
24/11/2017 13:00,8186.54
24/11/2017 14:00,8209.57
24/11/2017 15:00,8186.41
24/11/2017 16:00,8183.96
24/11/2017 17:00,8200
24/11/2017 18:00,8224.98
24/11/2017 19:00,8240.1
24/11/2017 20:00,8215
24/11/2017 21:00,8218.29
24/11/2017 22:00,8240.24
24/11/2017 23:00,8253.83
25/11/2017 00:00,8199.83
25/11/2017 01:00,8165.1
25/11/2017 02:00,8138.91
25/11/2017 03:00,8161
25/11/2017 04:00,8150
25/11/2017 05:00,8187.8
25/11/2017 06:00,8185.12
25/11/2017 07:00,8179.33
25/11/2017 08:00,8264.99
25/11/2017 09:00,8296
25/11/2017 10:00,8366.02
25/11/2017 11:00,8378.6
25/11/2017 12:00,8423.12
25/11/2017 13:00,8599.99
25/11/2017 14:00,8600
25/11/2017 15:00,8542.59
25/11/2017 16:00,8591.99
25/11/2017 17:00,8660.01
25/11/2017 18:00,8670.96
25/11/2017 19:00,8610.11
25/11/2017 20:00,8637
25/11/2017 21:00,8655
25/11/2017 22:00,8662.85
25/11/2017 23:00,8655.92
26/11/2017 00:00,8718
26/11/2017 01:00,8779.99
26/11/2017 02:00,8787.92
26/11/2017 03:00,8684.35
26/11/2017 04:00,8779.17
26/11/2017 05:00,8852.47
26/11/2017 06:00,8855
26/11/2017 07:00,8909
26/11/2017 08:00,8899.61
26/11/2017 09:00,8824.08
26/11/2017 10:00,8859.73
26/11/2017 11:00,8890
26/11/2017 12:00,8920
26/11/2017 13:00,8902.55
26/11/2017 14:00,8922.68
26/11/2017 15:00,8930
26/11/2017 16:00,9044
26/11/2017 17:00,9224.24
26/11/2017 18:00,9164.96
26/11/2017 19:00,9353.22
26/11/2017 20:00,9155
26/11/2017 21:00,9139.99
26/11/2017 22:00,9223.84
26/11/2017 23:00,9235.08
27/11/2017 00:00,9278.99
27/11/2017 01:00,9499.47
27/11/2017 02:00,9548.01
27/11/2017 03:00,9419.01
27/11/2017 04:00,9467.28
27/11/2017 05:00,9564.4
27/11/2017 06:00,9524.92
27/11/2017 07:00,9531.89
27/11/2017 08:00,9599
27/11/2017 09:00,9714.99
27/11/2017 10:00,9430.35
27/11/2017 11:00,9561.86
27/11/2017 12:00,9606.17
27/11/2017 13:00,9619
27/11/2017 14:00,9619
27/11/2017 15:00,9610.01
27/11/2017 16:00,9649.99
27/11/2017 17:00,9540.03
27/11/2017 18:00,9558.97
27/11/2017 19:00,9499.95
27/11/2017 20:00,9514.73
27/11/2017 21:00,9555.1
27/11/2017 22:00,9638.75
27/11/2017 23:00,9626.1
28/11/2017 00:00,9708.06
28/11/2017 01:00,9678.39
28/11/2017 02:00,9660
28/11/2017 03:00,9645.28
28/11/2017 04:00,9699.98
28/11/2017 05:00,9776
28/11/2017 06:00,9850
28/11/2017 07:00,9843.37
28/11/2017 08:00,9860
28/11/2017 09:00,9849.97
28/11/2017 10:00,9873.99
28/11/2017 11:00,9863.8
28/11/2017 12:00,9910
28/11/2017 13:00,9866.01
28/11/2017 14:00,9795
28/11/2017 15:00,9890.01
28/11/2017 16:00,9899
28/11/2017 17:00,9914
28/11/2017 18:00,9920
28/11/2017 19:00,9952.94
28/11/2017 20:00,9930.11
28/11/2017 21:00,9862.35
28/11/2017 22:00,9938.99
28/11/2017 23:00,9910.47
29/11/2017 00:00,9877.63
29/11/2017 01:00,9900
29/11/2017 02:00,9996.7
29/11/2017 03:00,10124.01
29/11/2017 04:00,10263.96
29/11/2017 05:00,10417.9
29/11/2017 06:00,10069.12
29/11/2017 07:00,10300
29/11/2017 08:00,10508.02
29/11/2017 09:00,10627.96
29/11/2017 10:00,10709.95
29/11/2017 11:00,10843
29/11/2017 12:00,10770.3
29/11/2017 13:00,10881.77
29/11/2017 14:00,11220
29/11/2017 15:00,11150
29/11/2017 16:00,10819.12
29/11/2017 17:00,10800
29/11/2017 18:00,10565.5
29/11/2017 19:00,10310.68
29/11/2017 20:00,9504
29/11/2017 21:00,9964
29/11/2017 22:00,10204.98
29/11/2017 23:00,9949.96
30/11/2017 00:00,9833.7
30/11/2017 01:00,10004.92
30/11/2017 02:00,10400
30/11/2017 03:00,10418.96
30/11/2017 04:00,10448.97
30/11/2017 05:00,10511.52
30/11/2017 06:00,10370.13
30/11/2017 07:00,10134.96
30/11/2017 08:00,10203.9
30/11/2017 09:00,10226
30/11/2017 10:00,10160
30/11/2017 11:00,9479
30/11/2017 12:00,9700
30/11/2017 13:00,9850.23
30/11/2017 14:00,9150.01
30/11/2017 15:00,9453.43
30/11/2017 16:00,9247.17
30/11/2017 17:00,9265
30/11/2017 18:00,9599.55
30/11/2017 19:00,9639.17
30/11/2017 20:00,9864.27
30/11/2017 21:00,9435.74
30/11/2017 22:00,9700
30/11/2017 23:00,9849.27
01/12/2017 00:00,9927.29
01/12/2017 01:00,9900
01/12/2017 02:00,9843.06
01/12/2017 03:00,9820.99
01/12/2017 04:00,9737.24
01/12/2017 05:00,9872.94
01/12/2017 06:00,9589
01/12/2017 07:00,9449.99
01/12/2017 08:00,9563.35
01/12/2017 09:00,9830
01/12/2017 10:00,10064.67
01/12/2017 11:00,9809
01/12/2017 12:00,9999.9
01/12/2017 13:00,10156
01/12/2017 14:00,10662.7
01/12/2017 15:00,10618.29
01/12/2017 16:00,10557.78
01/12/2017 17:00,10651
01/12/2017 18:00,10450
01/12/2017 19:00,10500
01/12/2017 20:00,10569.48
01/12/2017 21:00,10773.66
01/12/2017 22:00,10900.99
01/12/2017 23:00,10815
02/12/2017 00:00,10840.45
02/12/2017 01:00,10901
02/12/2017 02:00,11039
02/12/2017 03:00,11034.17
02/12/2017 04:00,10924.02
02/12/2017 05:00,10844.06
02/12/2017 06:00,10922.99
02/12/2017 07:00,10828.96
02/12/2017 08:00,10951
02/12/2017 09:00,10959.44
02/12/2017 10:00,11149.99
02/12/2017 11:00,11092.88
02/12/2017 12:00,10949.56
02/12/2017 13:00,11099.89
02/12/2017 14:00,11023.12
02/12/2017 15:00,10888.07
02/12/2017 16:00,10749.1
02/12/2017 17:00,10817.44
02/12/2017 18:00,10888.55
02/12/2017 19:00,10900.01
02/12/2017 20:00,10875.42
02/12/2017 21:00,10950.04
02/12/2017 22:00,11034
02/12/2017 23:00,10949.13
03/12/2017 00:00,10875.68
03/12/2017 01:00,10883.88
03/12/2017 02:00,10940.2
03/12/2017 03:00,10934.5
03/12/2017 04:00,10999
03/12/2017 05:00,11116.6
03/12/2017 06:00,11060
03/12/2017 07:00,11118.8
03/12/2017 08:00,11164.84
03/12/2017 09:00,11136.89
03/12/2017 10:00,11090
03/12/2017 11:00,11099
03/12/2017 12:00,11585.41
03/12/2017 13:00,11601
03/12/2017 14:00,11647.03
03/12/2017 15:00,11597.64
03/12/2017 16:00,11718.8
03/12/2017 17:00,11669.53
03/12/2017 18:00,11662.95
03/12/2017 19:00,11725
03/12/2017 20:00,11724.94
03/12/2017 21:00,11300.62
03/12/2017 22:00,10940.04
03/12/2017 23:00,11100
04/12/2017 00:00,11250
04/12/2017 01:00,11274
04/12/2017 02:00,11399.98
04/12/2017 03:00,11262.45
04/12/2017 04:00,11382.36
04/12/2017 05:00,11493.69
04/12/2017 06:00,11445
04/12/2017 07:00,11439.93
04/12/2017 08:00,11587.34
04/12/2017 09:00,11545.04
04/12/2017 10:00,11396.15
04/12/2017 11:00,11368.16
04/12/2017 12:00,11141.25
04/12/2017 13:00,11198.19
04/12/2017 14:00,11218.14
04/12/2017 15:00,11360
04/12/2017 16:00,11342.56
04/12/2017 17:00,11251.68
04/12/2017 18:00,11254.38
04/12/2017 19:00,11178.11
04/12/2017 20:00,11208.99
04/12/2017 21:00,11395.7
04/12/2017 22:00,11470.93
04/12/2017 23:00,11475.12
05/12/2017 00:00,11613.07
05/12/2017 01:00,11578.92
05/12/2017 02:00,11556.75
05/12/2017 03:00,11522.57
05/12/2017 04:00,11579.05
05/12/2017 05:00,11494.64
05/12/2017 06:00,11499.55
05/12/2017 07:00,11554.48
05/12/2017 08:00,11729.2
05/12/2017 09:00,11761.51
05/12/2017 10:00,11648.17
05/12/2017 11:00,11603.99
05/12/2017 12:00,11638.03
05/12/2017 13:00,11704.95
05/12/2017 14:00,11718.94
05/12/2017 15:00,11751.74
05/12/2017 16:00,11806.97
05/12/2017 17:00,11649.62
05/12/2017 18:00,11652.57
05/12/2017 19:00,11690
05/12/2017 20:00,11725.59
05/12/2017 21:00,11778.12
05/12/2017 22:00,11751.8
05/12/2017 23:00,11720.02
06/12/2017 00:00,11676.99
06/12/2017 01:00,11832.99
06/12/2017 02:00,11950
06/12/2017 03:00,12140.28
06/12/2017 04:00,12227.07
06/12/2017 05:00,12200.42
06/12/2017 06:00,12230
06/12/2017 07:00,12372
06/12/2017 08:00,12383.64
06/12/2017 09:00,12398.97
06/12/2017 10:00,12480
06/12/2017 11:00,12784.54
06/12/2017 12:00,12579.98
06/12/2017 13:00,12699.95
06/12/2017 14:00,12651.59
06/12/2017 15:00,12775
06/12/2017 16:00,12520.07
06/12/2017 17:00,12649.9
06/12/2017 18:00,12663.96
06/12/2017 19:00,12828.06
06/12/2017 20:00,13120
06/12/2017 21:00,13180.04
06/12/2017 22:00,13199.99
06/12/2017 23:00,13699.98
07/12/2017 00:00,13623
07/12/2017 01:00,13898
07/12/2017 02:00,13989.97
07/12/2017 03:00,13599.86
07/12/2017 04:00,13649
07/12/2017 05:00,13999
07/12/2017 06:00,14019.91
07/12/2017 07:00,13970
07/12/2017 08:00,14177
07/12/2017 09:00,14463.73
07/12/2017 10:00,14618.02
07/12/2017 11:00,14849.4
07/12/2017 12:00,14151.19
07/12/2017 13:00,14657
07/12/2017 14:00,14941.09
07/12/2017 15:00,15324
07/12/2017 16:00,15698.49
07/12/2017 17:00,14900
07/12/2017 18:00,15400
07/12/2017 19:00,15715.17
07/12/2017 20:00,15263.95
07/12/2017 21:00,15588.16
07/12/2017 22:00,15651.11
07/12/2017 23:00,16450
08/12/2017 00:00,16599.99
08/12/2017 01:00,16619.99
08/12/2017 02:00,16626.13
08/12/2017 03:00,16436.43
08/12/2017 04:00,16129.08
08/12/2017 05:00,15470
08/12/2017 06:00,15220.81
08/12/2017 07:00,15609
08/12/2017 08:00,15935.01
08/12/2017 09:00,15498.01
08/12/2017 10:00,15046
08/12/2017 11:00,14745.52
08/12/2017 12:00,14657.59
08/12/2017 13:00,14700.01
08/12/2017 14:00,15109.58
08/12/2017 15:00,15800
08/12/2017 16:00,15304.51
08/12/2017 17:00,15002.01
08/12/2017 18:00,14810
08/12/2017 19:00,15030
08/12/2017 20:00,15100
08/12/2017 21:00,15055
08/12/2017 22:00,15630
08/12/2017 23:00,15672.79
09/12/2017 00:00,15799.87
09/12/2017 01:00,15400
09/12/2017 02:00,15299
09/12/2017 03:00,15435.1
09/12/2017 04:00,15463.79
09/12/2017 05:00,15149.96
09/12/2017 06:00,15025.46
09/12/2017 07:00,15173.67
09/12/2017 08:00,15400.01
09/12/2017 09:00,15241.92
09/12/2017 10:00,15118.63
09/12/2017 11:00,14703
09/12/2017 12:00,14802
09/12/2017 13:00,14786.12
09/12/2017 14:00,14985.93
09/12/2017 15:00,14802.39
09/12/2017 16:00,14538.97
09/12/2017 17:00,14029.86
09/12/2017 18:00,13216.76
09/12/2017 19:00,14100
09/12/2017 20:00,14055
09/12/2017 21:00,14245
09/12/2017 22:00,14299.9
09/12/2017 23:00,14497.97
10/12/2017 00:00,14601.01
10/12/2017 01:00,14100.26
10/12/2017 02:00,13759.42
10/12/2017 03:00,13465
10/12/2017 04:00,13106.32
10/12/2017 05:00,13617.09
10/12/2017 06:00,13351.05
10/12/2017 07:00,13752.4
10/12/2017 08:00,13473.26
10/12/2017 09:00,13289.69
10/12/2017 10:00,13470.1
10/12/2017 11:00,13583.79
10/12/2017 12:00,13615.3
10/12/2017 13:00,13669
10/12/2017 14:00,14745.52
10/12/2017 15:00,14804.65
10/12/2017 16:00,15005.03
10/12/2017 17:00,14800.99
10/12/2017 18:00,14940
10/12/2017 19:00,14930.55
10/12/2017 20:00,15185
10/12/2017 21:00,15028.99
10/12/2017 22:00,14120
10/12/2017 23:00,14255.36
11/12/2017 00:00,14690.99
11/12/2017 01:00,14909.99
11/12/2017 02:00,15444.66
11/12/2017 03:00,15748.42
11/12/2017 04:00,15793.2
11/12/2017 05:00,15779.17
11/12/2017 06:00,15831
11/12/2017 07:00,16362.61
11/12/2017 08:00,16405
11/12/2017 09:00,16349.94
11/12/2017 10:00,16400
11/12/2017 11:00,16529.29
11/12/2017 12:00,16304.37
11/12/2017 13:00,16369.9
11/12/2017 14:00,16190
11/12/2017 15:00,16129.99
11/12/2017 16:00,16296.77
11/12/2017 17:00,16209.98
11/12/2017 18:00,16201.47
11/12/2017 19:00,16440.11
11/12/2017 20:00,16881.02
11/12/2017 21:00,17027.68
11/12/2017 22:00,16950.01
11/12/2017 23:00,16765
12/12/2017 00:00,16470
12/12/2017 01:00,16425.04
12/12/2017 02:00,16600.57
12/12/2017 03:00,16288.27
12/12/2017 04:00,16159.99
12/12/2017 05:00,16069.94
12/12/2017 06:00,16288.23
12/12/2017 07:00,16430
12/12/2017 08:00,16638.63
12/12/2017 09:00,16649.21
12/12/2017 10:00,16599.99
12/12/2017 11:00,16521.03
12/12/2017 12:00,16613.96
12/12/2017 13:00,16672.98
12/12/2017 14:00,17182.67
12/12/2017 15:00,16914.63
12/12/2017 16:00,17055
12/12/2017 17:00,17110.97
12/12/2017 18:00,17169.59
12/12/2017 19:00,17257.6
12/12/2017 20:00,17259
12/12/2017 21:00,17008.15
12/12/2017 22:00,17033.98
12/12/2017 23:00,17046.96
13/12/2017 00:00,16650.01
13/12/2017 01:00,16979.47
13/12/2017 02:00,16975
13/12/2017 03:00,16454.56
13/12/2017 04:00,16487.93
13/12/2017 05:00,16429.99
13/12/2017 06:00,16637.91
13/12/2017 07:00,16529.97
13/12/2017 08:00,16486.62
13/12/2017 09:00,16560
13/12/2017 10:00,16500
13/12/2017 11:00,16505.85
13/12/2017 12:00,16559
13/12/2017 13:00,16989.92
13/12/2017 14:00,16905.9
13/12/2017 15:00,16929.86
13/12/2017 16:00,16705.01
13/12/2017 17:00,16525.11
13/12/2017 18:00,16297.93
13/12/2017 19:00,15999.5
13/12/2017 20:00,16271
13/12/2017 21:00,16027.98
13/12/2017 22:00,16473.49
13/12/2017 23:00,16335.41
14/12/2017 00:00,16245.02
14/12/2017 01:00,16458.81
14/12/2017 02:00,16250.29
14/12/2017 03:00,15955.29
14/12/2017 04:00,15962.03
14/12/2017 05:00,16149.66
14/12/2017 06:00,16161.01
14/12/2017 07:00,16145
14/12/2017 08:00,16390
14/12/2017 09:00,16553
14/12/2017 10:00,16344.88
14/12/2017 11:00,16560
14/12/2017 12:00,16569.99
14/12/2017 13:00,16638.39
14/12/2017 14:00,16534.95
14/12/2017 15:00,16198.26
14/12/2017 16:00,16307.77
14/12/2017 17:00,16363.06
14/12/2017 18:00,16404.27
14/12/2017 19:00,16351.39
14/12/2017 20:00,16421.6
14/12/2017 21:00,16299.74
14/12/2017 22:00,16329.91
14/12/2017 23:00,16375
15/12/2017 00:00,16404.99
15/12/2017 01:00,16800
15/12/2017 02:00,16816.6
15/12/2017 03:00,17245.64
15/12/2017 04:00,17052.43
15/12/2017 05:00,17139.99
15/12/2017 06:00,17150
15/12/2017 07:00,17150
15/12/2017 08:00,16811.21
15/12/2017 09:00,17170
15/12/2017 10:00,17450.15
15/12/2017 11:00,17556.18
15/12/2017 12:00,17874.98
15/12/2017 13:00,17808.91
15/12/2017 14:00,17800
15/12/2017 15:00,17619.22
15/12/2017 16:00,17497.4
15/12/2017 17:00,17544.6
15/12/2017 18:00,17599.62
15/12/2017 19:00,17749
15/12/2017 20:00,17601
15/12/2017 21:00,17599.47
15/12/2017 22:00,17389.22
15/12/2017 23:00,17478.05
16/12/2017 00:00,17477.98
16/12/2017 01:00,17434.53
16/12/2017 02:00,17469.54
16/12/2017 03:00,17413.26
16/12/2017 04:00,17295
16/12/2017 05:00,17451.68
16/12/2017 06:00,17522.78
16/12/2017 07:00,17706.65
16/12/2017 08:00,17818.97
16/12/2017 09:00,17830.01
16/12/2017 10:00,17844.99
16/12/2017 11:00,17770
16/12/2017 12:00,17984.98
16/12/2017 13:00,18010.88
16/12/2017 14:00,18365.99
16/12/2017 15:00,18498.9
16/12/2017 16:00,18788.98
16/12/2017 17:00,18769.9
16/12/2017 18:00,18796.33
16/12/2017 19:00,18730
16/12/2017 20:00,19175
16/12/2017 21:00,19112.38
16/12/2017 22:00,19092.29
16/12/2017 23:00,19148.57
17/12/2017 00:00,19187.78
17/12/2017 01:00,19091.74
17/12/2017 02:00,18983
17/12/2017 03:00,19074.53
17/12/2017 04:00,19064.17
17/12/2017 05:00,19018.35
17/12/2017 06:00,19288
17/12/2017 07:00,19329.38
17/12/2017 08:00,19479.99
17/12/2017 09:00,19299
17/12/2017 10:00,19434.3
17/12/2017 11:00,19494.67
17/12/2017 12:00,19546.88
17/12/2017 13:00,19377.21
17/12/2017 14:00,19530
17/12/2017 15:00,19255.57
17/12/2017 16:00,19246.05
17/12/2017 17:00,19024.9
17/12/2017 18:00,19050
17/12/2017 19:00,18681.19
17/12/2017 20:00,18830
17/12/2017 21:00,18969.99
17/12/2017 22:00,18851.63
17/12/2017 23:00,19208.06
18/12/2017 00:00,18953
18/12/2017 01:00,18001
18/12/2017 02:00,18389.37
18/12/2017 03:00,18258.89
18/12/2017 04:00,18586.87
18/12/2017 05:00,18746.89
18/12/2017 06:00,18887
18/12/2017 07:00,18955.83
18/12/2017 08:00,18673.25
18/12/2017 09:00,18988.72
18/12/2017 10:00,18808.99
18/12/2017 11:00,18909.12
18/12/2017 12:00,19119.99
18/12/2017 13:00,18999.9
18/12/2017 14:00,18815.01
18/12/2017 15:00,18698.36
18/12/2017 16:00,18845.41
18/12/2017 17:00,18611.94
18/12/2017 18:00,18609.5
18/12/2017 19:00,18534.73
18/12/2017 20:00,18744.97
18/12/2017 21:00,18746.93
18/12/2017 22:00,18700
18/12/2017 23:00,18741
19/12/2017 00:00,18940.58
19/12/2017 01:00,18841.65
19/12/2017 02:00,18786.14
19/12/2017 03:00,18835
19/12/2017 04:00,19044.07
19/12/2017 05:00,18961.53
19/12/2017 06:00,18871
19/12/2017 07:00,18719
19/12/2017 08:00,18846.38
19/12/2017 09:00,18855.62
19/12/2017 10:00,18600
19/12/2017 11:00,18139.86
19/12/2017 12:00,17759.33
19/12/2017 13:00,18068.41
19/12/2017 14:00,18101.92
19/12/2017 15:00,17961
19/12/2017 16:00,18059
19/12/2017 17:00,18400
19/12/2017 18:00,18219.95
19/12/2017 19:00,18179.98
19/12/2017 20:00,17904.15
19/12/2017 21:00,17753.77
19/12/2017 22:00,17099.89
19/12/2017 23:00,17280
20/12/2017 00:00,17700
20/12/2017 01:00,16939.43
20/12/2017 02:00,16474.99
20/12/2017 03:00,17195.13
20/12/2017 04:00,16865.38
20/12/2017 05:00,16954.52
20/12/2017 06:00,16522.27
20/12/2017 07:00,16400
20/12/2017 08:00,16521.95
20/12/2017 09:00,17180.45
20/12/2017 10:00,17050.01
20/12/2017 11:00,17429
20/12/2017 12:00,17532.19
20/12/2017 13:00,17850.01
20/12/2017 14:00,17330
20/12/2017 15:00,17288
20/12/2017 16:00,16588.36
20/12/2017 17:00,16498.74
20/12/2017 18:00,16931.32
20/12/2017 19:00,16873.96
20/12/2017 20:00,16840.82
20/12/2017 21:00,16705.36
20/12/2017 22:00,16250
20/12/2017 23:00,16250.05
21/12/2017 00:00,16466.98
21/12/2017 01:00,16601.81
21/12/2017 02:00,16466.59
21/12/2017 03:00,16338.45
21/12/2017 04:00,16900
21/12/2017 05:00,16881.2
21/12/2017 06:00,16748.86
21/12/2017 07:00,17176.93
21/12/2017 08:00,17050
21/12/2017 09:00,16794.6
21/12/2017 10:00,16810.29
21/12/2017 11:00,16599.98
21/12/2017 12:00,16660.91
21/12/2017 13:00,16645.36
21/12/2017 14:00,16166.06
21/12/2017 15:00,15955
21/12/2017 16:00,15550
21/12/2017 17:00,15687.17
21/12/2017 18:00,15330
21/12/2017 19:00,15290
21/12/2017 20:00,15372.96
21/12/2017 21:00,15205.69
21/12/2017 22:00,15715.11
21/12/2017 23:00,15620
22/12/2017 00:00,15600
22/12/2017 01:00,15050
22/12/2017 02:00,14596.69
22/12/2017 03:00,14000.48
22/12/2017 04:00,14298.57
22/12/2017 05:00,14864.92
22/12/2017 06:00,14147.79
22/12/2017 07:00,13408.01
22/12/2017 08:00,13300.05
22/12/2017 09:00,13199.99
22/12/2017 10:00,13825
22/12/2017 11:00,14152.01
22/12/2017 12:00,13969.05
22/12/2017 13:00,13771.98
22/12/2017 14:00,12367.08
22/12/2017 15:00,12246.77
22/12/2017 16:00,13340
22/12/2017 17:00,12900.44
22/12/2017 18:00,12951.91
22/12/2017 19:00,13435.01
22/12/2017 20:00,13310.05
22/12/2017 21:00,14405.46
22/12/2017 22:00,14199
22/12/2017 23:00,14847
23/12/2017 00:00,13980
23/12/2017 01:00,13877.1
23/12/2017 02:00,14259.99
23/12/2017 03:00,14389.92
23/12/2017 04:00,14802.76
23/12/2017 05:00,14599.85
23/12/2017 06:00,13990.99
23/12/2017 07:00,14100.03
23/12/2017 08:00,14295.54
23/12/2017 09:00,14315.66
23/12/2017 10:00,14655.03
23/12/2017 11:00,14850.03
23/12/2017 12:00,15250
23/12/2017 13:00,15014
23/12/2017 14:00,15132.89
23/12/2017 15:00,15570
23/12/2017 16:00,14876.86
23/12/2017 17:00,15307
23/12/2017 18:00,15050
23/12/2017 19:00,14994
23/12/2017 20:00,15091.2
23/12/2017 21:00,15354.01
23/12/2017 22:00,15479.99
23/12/2017 23:00,14999.47
24/12/2017 00:00,14619
24/12/2017 01:00,14513.59
24/12/2017 02:00,14173.08
24/12/2017 03:00,13498
24/12/2017 04:00,14185.38
24/12/2017 05:00,13830
24/12/2017 06:00,14186.62
24/12/2017 07:00,14441.3
24/12/2017 08:00,14208.91
24/12/2017 09:00,14370
24/12/2017 10:00,13699.9
24/12/2017 11:00,13486.89
24/12/2017 12:00,13223.98
24/12/2017 13:00,12951.12
24/12/2017 14:00,13502
24/12/2017 15:00,13722.82
24/12/2017 16:00,13383.01
24/12/2017 17:00,13469.97
24/12/2017 18:00,13129.17
24/12/2017 19:00,12967.92
24/12/2017 20:00,12966.79
24/12/2017 21:00,13443.49
24/12/2017 22:00,13153.79
24/12/2017 23:00,13790
25/12/2017 00:00,14107.87
25/12/2017 01:00,14007.05
25/12/2017 02:00,13951.96
25/12/2017 03:00,13543.19
25/12/2017 04:00,13429.23
25/12/2017 05:00,14077.39
25/12/2017 06:00,14064.72
25/12/2017 07:00,13910
25/12/2017 08:00,13992.76
25/12/2017 09:00,14260.29
25/12/2017 10:00,13914.3
25/12/2017 11:00,14044.99
25/12/2017 12:00,14259.99
25/12/2017 13:00,14537.52
25/12/2017 14:00,13810.01
25/12/2017 15:00,13522.11
25/12/2017 16:00,13805
25/12/2017 17:00,13997.67
25/12/2017 18:00,13844.3
25/12/2017 19:00,14117.15
25/12/2017 20:00,14110.99
25/12/2017 21:00,13699.99
25/12/2017 22:00,13774.87
25/12/2017 23:00,13815.79
26/12/2017 00:00,13925.5
26/12/2017 01:00,13968.61
26/12/2017 02:00,13897.98
26/12/2017 03:00,13983.1
26/12/2017 04:00,14607
26/12/2017 05:00,14991.66
26/12/2017 06:00,15149.49
26/12/2017 07:00,15560.74
26/12/2017 08:00,15500
26/12/2017 09:00,14984.99
26/12/2017 10:00,15203.03
26/12/2017 11:00,15085
26/12/2017 12:00,14999.4
26/12/2017 13:00,15199.73
26/12/2017 14:00,15257.49
26/12/2017 15:00,15914.38
26/12/2017 16:00,15770
26/12/2017 17:00,16105
26/12/2017 18:00,15725.01
26/12/2017 19:00,15698.5
26/12/2017 20:00,15860
26/12/2017 21:00,15769.35
26/12/2017 22:00,15865.99
26/12/2017 23:00,15664.99
27/12/2017 00:00,15764.45
27/12/2017 01:00,15675
27/12/2017 02:00,15899.09
27/12/2017 03:00,15708
27/12/2017 04:00,15817.52
27/12/2017 05:00,16280.01
27/12/2017 06:00,16320
27/12/2017 07:00,16300
27/12/2017 08:00,16189.29
27/12/2017 09:00,15976.01
27/12/2017 10:00,15800
27/12/2017 11:00,15601.73
27/12/2017 12:00,15655.55
27/12/2017 13:00,15860.01
27/12/2017 14:00,15801.92
27/12/2017 15:00,15274.56
27/12/2017 16:00,15295.98
27/12/2017 17:00,14711.77
27/12/2017 18:00,14931.29
27/12/2017 19:00,15010.01
27/12/2017 20:00,14825.04
27/12/2017 21:00,14723.52
27/12/2017 22:00,15119.61
27/12/2017 23:00,15299.98
28/12/2017 00:00,15390.05
28/12/2017 01:00,15196.22
28/12/2017 02:00,15418.12
28/12/2017 03:00,14200
28/12/2017 04:00,14386.84
28/12/2017 05:00,14407.26
28/12/2017 06:00,13738.79
28/12/2017 07:00,13902.89
28/12/2017 08:00,14149.86
28/12/2017 09:00,14223.04
28/12/2017 10:00,14243.08
28/12/2017 11:00,13568.07
28/12/2017 12:00,13966.21
28/12/2017 13:00,14149.09
28/12/2017 14:00,14176.8
28/12/2017 15:00,14276.89
28/12/2017 16:00,14258.6
28/12/2017 17:00,13985.89
28/12/2017 18:00,14119.99
28/12/2017 19:00,13553.32
28/12/2017 20:00,13955
28/12/2017 21:00,13865.01
28/12/2017 22:00,13910
28/12/2017 23:00,14129.81
29/12/2017 00:00,14436.99
29/12/2017 01:00,14375
29/12/2017 02:00,14400.12
29/12/2017 03:00,14945.01
29/12/2017 04:00,14916.03
29/12/2017 05:00,14801.84
29/12/2017 06:00,14916.41
29/12/2017 07:00,14926.47
29/12/2017 08:00,14635
29/12/2017 09:00,14540
29/12/2017 10:00,14257.95
29/12/2017 11:00,14000
29/12/2017 12:00,14329.82
29/12/2017 13:00,14200
29/12/2017 14:00,14267.7
29/12/2017 15:00,14499.6
29/12/2017 16:00,14533.11
29/12/2017 17:00,14732.4
29/12/2017 18:00,14547.58
29/12/2017 19:00,14511.7
29/12/2017 20:00,14639.99
29/12/2017 21:00,14405.87
29/12/2017 22:00,14371.43
29/12/2017 23:00,14498.99
30/12/2017 00:00,14351
30/12/2017 01:00,14280.01
30/12/2017 02:00,13768.87
30/12/2017 03:00,13548.86
30/12/2017 04:00,13499.96
30/12/2017 05:00,13042.02
30/12/2017 06:00,13448.97
30/12/2017 07:00,13465.17
30/12/2017 08:00,13754.83
30/12/2017 09:00,13599
30/12/2017 10:00,13469.96
30/12/2017 11:00,13362.42
30/12/2017 12:00,13568.9
30/12/2017 13:00,12743.89
30/12/2017 14:00,12775.07
30/12/2017 15:00,12729.59
30/12/2017 16:00,12673.81
30/12/2017 17:00,12299.68
30/12/2017 18:00,12887
30/12/2017 19:00,12847.27
30/12/2017 20:00,13229.46
30/12/2017 21:00,13000
30/12/2017 22:00,13039.86
30/12/2017 23:00,12891.93
31/12/2017 00:00,12640
31/12/2017 01:00,13066.08
31/12/2017 02:00,13126.67
31/12/2017 03:00,13337.11
31/12/2017 04:00,13066.41
31/12/2017 05:00,12976.61
31/12/2017 06:00,12808.36
31/12/2017 07:00,12688.87
31/12/2017 08:00,13037.74
31/12/2017 09:00,12713.43
31/12/2017 10:00,12655.51
31/12/2017 11:00,12970
31/12/2017 12:00,13100
31/12/2017 13:00,13100
31/12/2017 14:00,13061.36
31/12/2017 15:00,13375
31/12/2017 16:00,13351.01
31/12/2017 17:00,14036.4
31/12/2017 18:00,13987.58
31/12/2017 19:00,13840.53
31/12/2017 20:00,13949.65
31/12/2017 21:00,14111.2
31/12/2017 22:00,14024.7
31/12/2017 23:00,13925
01/01/2018 00:00,13880
01/01/2018 01:00,13635.06
01/01/2018 02:00,13355
01/01/2018 03:00,13407.98
01/01/2018 04:00,13481.73
01/01/2018 05:00,13681.04
01/01/2018 06:00,13569.36
01/01/2018 07:00,13863.32
01/01/2018 08:00,13660.56
01/01/2018 09:00,13499.9
01/01/2018 10:00,13618.78
01/01/2018 11:00,13596.36
01/01/2018 12:00,13303.28
01/01/2018 13:00,13318.54
01/01/2018 14:00,13118.54
01/01/2018 15:00,13221.76
01/01/2018 16:00,13276
01/01/2018 17:00,13052.35
01/01/2018 18:00,13063.5
01/01/2018 19:00,13189.08
01/01/2018 20:00,13271.26
01/01/2018 21:00,13444
01/01/2018 22:00,13532.87
01/01/2018 23:00,13496.39
02/01/2018 00:00,13394.2
02/01/2018 01:00,13794.58
02/01/2018 02:00,13631.95
02/01/2018 03:00,13572.03
02/01/2018 04:00,13355.78
02/01/2018 05:00,13118.1
02/01/2018 06:00,13154.18
02/01/2018 07:00,13370
02/01/2018 08:00,13424.01
02/01/2018 09:00,13417.21
02/01/2018 10:00,13571.39
02/01/2018 11:00,13687.52
02/01/2018 12:00,13578.8
02/01/2018 13:00,13589.31
02/01/2018 14:00,13978.83
02/01/2018 15:00,13834.05
02/01/2018 16:00,13714.82
02/01/2018 17:00,13693.65
02/01/2018 18:00,13909.75
02/01/2018 19:00,14596.68
02/01/2018 20:00,14836
02/01/2018 21:00,14839.76
02/01/2018 22:00,14802
02/01/2018 23:00,14783.55
03/01/2018 00:00,14670.96
03/01/2018 01:00,14800.21
03/01/2018 02:00,14756.19
03/01/2018 03:00,14960.74
03/01/2018 04:00,14860.13
03/01/2018 05:00,15072.85
03/01/2018 06:00,15025.42
03/01/2018 07:00,15370
03/01/2018 08:00,15286.52
03/01/2018 09:00,15075.04
03/01/2018 10:00,14839.96
03/01/2018 11:00,14730
03/01/2018 12:00,14907.72
03/01/2018 13:00,14600.01
03/01/2018 14:00,14972.99
03/01/2018 15:00,14888
03/01/2018 16:00,15126.29
03/01/2018 17:00,15111
03/01/2018 18:00,14921.05
03/01/2018 19:00,14822.12
03/01/2018 20:00,14761.42
03/01/2018 21:00,14948
03/01/2018 22:00,15027.1
03/01/2018 23:00,14821.57
04/01/2018 00:00,15155.62
04/01/2018 01:00,15150.67
04/01/2018 02:00,15350.06
04/01/2018 03:00,15250
04/01/2018 04:00,15065.86
04/01/2018 05:00,14949.9
04/01/2018 06:00,14901.06
04/01/2018 07:00,14850
04/01/2018 08:00,14838.24
04/01/2018 09:00,14337.41
04/01/2018 10:00,14476.46
04/01/2018 11:00,14418.95
04/01/2018 12:00,14566.56
04/01/2018 13:00,14413.66
04/01/2018 14:00,14600.21
04/01/2018 15:00,14641.01
04/01/2018 16:00,14551.36
04/01/2018 17:00,14522.26
04/01/2018 18:00,14717.47
04/01/2018 19:00,14781.45
04/01/2018 20:00,15005
04/01/2018 21:00,14855.86
04/01/2018 22:00,14893.34
04/01/2018 23:00,15029
05/01/2018 00:00,15143.67
05/01/2018 01:00,15045.88
05/01/2018 02:00,15096.99
05/01/2018 03:00,15100.03
05/01/2018 04:00,14951.06
05/01/2018 05:00,14958.04
05/01/2018 06:00,15059.06
05/01/2018 07:00,14976.4
05/01/2018 08:00,14939
05/01/2018 09:00,15490.04
05/01/2018 10:00,15818.3
05/01/2018 11:00,16028
05/01/2018 12:00,16034.93
05/01/2018 13:00,15854
05/01/2018 14:00,15994.93
05/01/2018 15:00,15985
05/01/2018 16:00,15981.21
05/01/2018 17:00,16250
05/01/2018 18:00,16363.71
05/01/2018 19:00,16367.42
05/01/2018 20:00,16442.27
05/01/2018 21:00,16563.03
05/01/2018 22:00,16702
05/01/2018 23:00,16919.96
06/01/2018 00:00,16927.99
06/01/2018 01:00,16921.02
06/01/2018 02:00,17047
06/01/2018 03:00,16565
06/01/2018 04:00,16566.68
06/01/2018 05:00,16590.26
06/01/2018 06:00,16632.99
06/01/2018 07:00,16529
06/01/2018 08:00,16500
06/01/2018 09:00,16390.02
06/01/2018 10:00,16353.99
06/01/2018 11:00,16688.05
06/01/2018 12:00,16495.6
06/01/2018 13:00,16307.33
06/01/2018 14:00,16281.29
06/01/2018 15:00,16450.98
06/01/2018 16:00,16592.53
06/01/2018 17:00,16853.99
06/01/2018 18:00,16858.17
06/01/2018 19:00,16759.01
06/01/2018 20:00,16710.5
06/01/2018 21:00,16849.17
06/01/2018 22:00,16864.52
06/01/2018 23:00,17071.71
07/01/2018 00:00,17142.43
07/01/2018 01:00,17019.44
07/01/2018 02:00,17019.01
07/01/2018 03:00,16799.98
07/01/2018 04:00,16716.3
07/01/2018 05:00,16634.51
07/01/2018 06:00,16644
07/01/2018 07:00,16425.01
07/01/2018 08:00,16738.99
07/01/2018 09:00,16749.3
07/01/2018 10:00,16640
07/01/2018 11:00,16785.1
07/01/2018 12:00,16660
07/01/2018 13:00,16416.56
07/01/2018 14:00,16400.06
07/01/2018 15:00,16511.77
07/01/2018 16:00,16427.63
07/01/2018 17:00,16076.43
07/01/2018 18:00,15850.01
07/01/2018 19:00,16097.51
07/01/2018 20:00,16111
07/01/2018 21:00,16190.01
07/01/2018 22:00,16174.98
07/01/2018 23:00,16439.43
08/01/2018 00:00,16173.98
08/01/2018 01:00,15961.98
08/01/2018 02:00,15895
08/01/2018 03:00,15969.99
08/01/2018 04:00,15605.3
08/01/2018 05:00,15690.69
08/01/2018 06:00,15910.16
08/01/2018 07:00,15809.99
08/01/2018 08:00,15844.6
08/01/2018 09:00,15440
08/01/2018 10:00,15164
08/01/2018 11:00,15359.26
08/01/2018 12:00,15459.99
08/01/2018 13:00,15352.72
08/01/2018 14:00,14879.9
08/01/2018 15:00,14372.77
08/01/2018 16:00,14500
08/01/2018 17:00,14841.11
08/01/2018 18:00,14864.99
08/01/2018 19:00,14949.9
08/01/2018 20:00,15101.32
08/01/2018 21:00,14949.98
08/01/2018 22:00,14960.41
08/01/2018 23:00,14732.42
09/01/2018 00:00,14999.99
09/01/2018 01:00,15179.68
09/01/2018 02:00,15290.11
09/01/2018 03:00,15274.69
09/01/2018 04:00,15210.02
09/01/2018 05:00,15353.79
09/01/2018 06:00,15034.39
09/01/2018 07:00,14948.76
09/01/2018 08:00,15169.99
09/01/2018 09:00,15158.07
09/01/2018 10:00,14850
09/01/2018 11:00,14608.98
09/01/2018 12:00,14805
09/01/2018 13:00,14801
09/01/2018 14:00,14152.02
09/01/2018 15:00,14517.66
09/01/2018 16:00,14690
09/01/2018 17:00,14936.16
09/01/2018 18:00,14937.68
09/01/2018 19:00,14747.78
09/01/2018 20:00,14749.99
09/01/2018 21:00,14803.61
09/01/2018 22:00,14515
09/01/2018 23:00,14418.7
10/01/2018 00:00,14403.51
10/01/2018 01:00,14076.54
10/01/2018 02:00,14148.01
10/01/2018 03:00,14262.72
10/01/2018 04:00,14106.87
10/01/2018 05:00,14314.2
10/01/2018 06:00,14172.68
10/01/2018 07:00,14221.88
10/01/2018 08:00,14066.28
10/01/2018 09:00,13474.09
10/01/2018 10:00,13834.2
10/01/2018 11:00,13845.45
10/01/2018 12:00,14139.31
10/01/2018 13:00,13892.08
10/01/2018 14:00,13890.75
10/01/2018 15:00,13810.31
10/01/2018 16:00,14406.94
10/01/2018 17:00,14491.62
10/01/2018 18:00,14550
10/01/2018 19:00,14530.56
10/01/2018 20:00,14357.74
10/01/2018 21:00,14477.46
10/01/2018 22:00,14491.36
10/01/2018 23:00,14525
11/01/2018 00:00,14899.99
11/01/2018 01:00,14662.61
11/01/2018 02:00,14508.25
11/01/2018 03:00,14248.59
11/01/2018 04:00,13269.73
11/01/2018 05:00,13307.41
11/01/2018 06:00,13154.99
11/01/2018 07:00,13392.49
11/01/2018 08:00,13582.14
11/01/2018 09:00,13745.72
11/01/2018 10:00,13589.75
11/01/2018 11:00,13256.94
11/01/2018 12:00,13450.01
11/01/2018 13:00,13818.4
11/01/2018 14:00,13685
11/01/2018 15:00,13900
11/01/2018 16:00,13969
11/01/2018 17:00,13867.44
11/01/2018 18:00,13600.99
11/01/2018 19:00,13729.94
11/01/2018 20:00,13399.99
11/01/2018 21:00,13429.6
11/01/2018 22:00,13464.1
11/01/2018 23:00,13100
12/01/2018 00:00,13249.99
12/01/2018 01:00,13057.48
12/01/2018 02:00,13395.76
12/01/2018 03:00,13441.55
12/01/2018 04:00,13620
12/01/2018 05:00,13668.12
12/01/2018 06:00,13575
12/01/2018 07:00,13723.48
12/01/2018 08:00,13648.08
12/01/2018 09:00,13565.99
12/01/2018 10:00,13530.99
12/01/2018 11:00,13976.39
12/01/2018 12:00,13991
12/01/2018 13:00,14050
12/01/2018 14:00,13927
12/01/2018 15:00,13935.95
12/01/2018 16:00,13698.45
12/01/2018 17:00,13575.24
12/01/2018 18:00,13609.8
12/01/2018 19:00,13520
12/01/2018 20:00,13778.48
12/01/2018 21:00,13881.72
12/01/2018 22:00,13763
12/01/2018 23:00,13639.89
13/01/2018 00:00,13829.28
13/01/2018 01:00,14167.98
13/01/2018 02:00,14096.64
13/01/2018 03:00,14148
13/01/2018 04:00,14165.01
13/01/2018 05:00,14122.31
13/01/2018 06:00,14228.62
13/01/2018 07:00,14231
13/01/2018 08:00,14405.79
13/01/2018 09:00,14273.45
13/01/2018 10:00,14250.96
13/01/2018 11:00,14265.27
13/01/2018 12:00,14253.03
13/01/2018 13:00,14367.7
13/01/2018 14:00,14446.48
13/01/2018 15:00,14421.8
13/01/2018 16:00,14266.13
13/01/2018 17:00,14280
13/01/2018 18:00,14309.99
13/01/2018 19:00,14254.98
13/01/2018 20:00,14079.88
13/01/2018 21:00,14168.35
13/01/2018 22:00,14170.41
13/01/2018 23:00,14304.47
14/01/2018 00:00,14197.78
14/01/2018 01:00,14283.99
14/01/2018 02:00,14310.35
14/01/2018 03:00,14253.65
14/01/2018 04:00,14241.83
14/01/2018 05:00,13900
14/01/2018 06:00,13782.9
14/01/2018 07:00,13836.98
14/01/2018 08:00,13733.99
14/01/2018 09:00,13664.6
14/01/2018 10:00,13554.99
14/01/2018 11:00,13533.98
14/01/2018 12:00,13522.56
14/01/2018 13:00,13324.66
14/01/2018 14:00,13642.62
14/01/2018 15:00,13573.73
14/01/2018 16:00,13222.98
14/01/2018 17:00,13354.5
14/01/2018 18:00,13500.04
14/01/2018 19:00,13564.26
14/01/2018 20:00,13348.1
14/01/2018 21:00,13507.55
14/01/2018 22:00,13425.4
14/01/2018 23:00,13585.01
15/01/2018 00:00,13647.99
15/01/2018 01:00,13732.74
15/01/2018 02:00,13639.29
15/01/2018 03:00,13516.1
15/01/2018 04:00,13579.7
15/01/2018 05:00,13639.81
15/01/2018 06:00,13616.72
15/01/2018 07:00,13780
15/01/2018 08:00,13692.75
15/01/2018 09:00,13602.75
15/01/2018 10:00,13710
15/01/2018 11:00,13778.12
15/01/2018 12:00,13800
15/01/2018 13:00,14182.91
15/01/2018 14:00,14212.32
15/01/2018 15:00,14150.03
15/01/2018 16:00,14098
15/01/2018 17:00,14173.97
15/01/2018 18:00,13963.81
15/01/2018 19:00,13993.05
15/01/2018 20:00,13930
15/01/2018 21:00,13770
15/01/2018 22:00,13953.13
15/01/2018 23:00,13829.59
16/01/2018 00:00,13581.66
16/01/2018 01:00,13250
16/01/2018 02:00,13059.06
16/01/2018 03:00,13162.71
16/01/2018 04:00,12943.9
16/01/2018 05:00,13006.99
16/01/2018 06:00,13098.85
16/01/2018 07:00,13157.89
16/01/2018 08:00,12447.39
16/01/2018 09:00,12232.86
16/01/2018 10:00,11499.31
16/01/2018 11:00,11809.83
16/01/2018 12:00,12417.91
16/01/2018 13:00,12191.03
16/01/2018 14:00,11692.02
16/01/2018 15:00,11999.98
16/01/2018 16:00,12313.29
16/01/2018 17:00,12074.57
16/01/2018 18:00,11388.92
16/01/2018 19:00,11526.53
16/01/2018 20:00,11507.42
16/01/2018 21:00,11052.61
16/01/2018 22:00,10761.12
16/01/2018 23:00,11220
17/01/2018 00:00,11393.97
17/01/2018 01:00,11136.5
17/01/2018 02:00,11304.64
17/01/2018 03:00,10985.02
17/01/2018 04:00,10958.24
17/01/2018 05:00,11189.37
17/01/2018 06:00,11135.01
17/01/2018 07:00,11285
17/01/2018 08:00,11243.18
17/01/2018 09:00,10947.54
17/01/2018 10:00,10540
17/01/2018 11:00,10075.99
17/01/2018 12:00,10209.86
17/01/2018 13:00,10446.28
17/01/2018 14:00,10049.9
17/01/2018 15:00,9500
17/01/2018 16:00,9538.55
17/01/2018 17:00,10332.17
17/01/2018 18:00,10139.5
17/01/2018 19:00,9780.33
17/01/2018 20:00,10494.71
17/01/2018 21:00,10900
17/01/2018 22:00,11360
17/01/2018 23:00,11163.35
18/01/2018 00:00,11199
18/01/2018 01:00,11328.4
18/01/2018 02:00,11525.32
18/01/2018 03:00,11731.85
18/01/2018 04:00,11421.1
18/01/2018 05:00,11146.01
18/01/2018 06:00,11039.18
18/01/2018 07:00,11229.72
18/01/2018 08:00,10730.99
18/01/2018 09:00,10903.08
18/01/2018 10:00,11250
18/01/2018 11:00,11344.29
18/01/2018 12:00,11567.99
18/01/2018 13:00,11706.11
18/01/2018 14:00,11723.98
18/01/2018 15:00,11978.9
18/01/2018 16:00,12074.85
18/01/2018 17:00,11787.4
18/01/2018 18:00,11503.24
18/01/2018 19:00,11790
18/01/2018 20:00,11825
18/01/2018 21:00,11823.78
18/01/2018 22:00,11606
18/01/2018 23:00,11286.81
19/01/2018 00:00,11290.9
19/01/2018 01:00,11500
19/01/2018 02:00,11498.79
19/01/2018 03:00,11116.47
19/01/2018 04:00,11177.54
19/01/2018 05:00,11411.99
19/01/2018 06:00,11404
19/01/2018 07:00,11592.39
19/01/2018 08:00,11436
19/01/2018 09:00,11761.91
19/01/2018 10:00,11717.85
19/01/2018 11:00,11912
19/01/2018 12:00,11792.97
19/01/2018 13:00,11890.61
19/01/2018 14:00,11769.91
19/01/2018 15:00,11534.87
19/01/2018 16:00,11559.26
19/01/2018 17:00,11676.25
19/01/2018 18:00,11288.66
19/01/2018 19:00,11270
19/01/2018 20:00,11290
19/01/2018 21:00,11420.52
19/01/2018 22:00,11387.24
19/01/2018 23:00,11297.41
20/01/2018 00:00,11560.82
20/01/2018 01:00,11612.35
20/01/2018 02:00,11731.05
20/01/2018 03:00,11749.97
20/01/2018 04:00,11789.86
20/01/2018 05:00,12325.03
20/01/2018 06:00,12654
20/01/2018 07:00,12470.99
20/01/2018 08:00,12615
20/01/2018 09:00,12792.58
20/01/2018 10:00,12555.99
20/01/2018 11:00,12620.28
20/01/2018 12:00,12349.99
20/01/2018 13:00,12548.1
20/01/2018 14:00,12494.59
20/01/2018 15:00,12632.98
20/01/2018 16:00,12539.76
20/01/2018 17:00,12857.85
20/01/2018 18:00,12834.41
20/01/2018 19:00,12961
20/01/2018 20:00,12764.54
20/01/2018 21:00,12778.69
20/01/2018 22:00,12933.93
20/01/2018 23:00,12874
21/01/2018 00:00,12782.99
21/01/2018 01:00,12372.78
21/01/2018 02:00,12516.08
21/01/2018 03:00,12577
21/01/2018 04:00,12500
21/01/2018 05:00,12274.39
21/01/2018 06:00,12117.06
21/01/2018 07:00,12020
21/01/2018 08:00,11963.57
21/01/2018 09:00,11931.61
21/01/2018 10:00,11734.98
21/01/2018 11:00,11822.52
21/01/2018 12:00,12180
21/01/2018 13:00,12027.62
21/01/2018 14:00,12033.99
21/01/2018 15:00,11789.83
21/01/2018 16:00,11589.73
21/01/2018 17:00,11296
21/01/2018 18:00,11457.44
21/01/2018 19:00,11513.68
21/01/2018 20:00,11494.74
21/01/2018 21:00,11142.49
21/01/2018 22:00,11388.92
21/01/2018 23:00,11241.99
22/01/2018 00:00,11558.87
22/01/2018 01:00,11708.92
22/01/2018 02:00,11438
22/01/2018 03:00,11579.88
22/01/2018 04:00,11537.21
22/01/2018 05:00,11643.23
22/01/2018 06:00,11497.12
22/01/2018 07:00,11634.03
22/01/2018 08:00,11756.45
22/01/2018 09:00,11734.3
22/01/2018 10:00,11744.1
22/01/2018 11:00,11718.27
22/01/2018 12:00,11303.93
22/01/2018 13:00,11343.24
22/01/2018 14:00,10670.78
22/01/2018 15:00,10700.01
22/01/2018 16:00,10481.08
22/01/2018 17:00,10578.39
22/01/2018 18:00,10630.38
22/01/2018 19:00,10488.78
22/01/2018 20:00,10625
22/01/2018 21:00,10387.06
22/01/2018 22:00,10358
22/01/2018 23:00,10695.07
23/01/2018 00:00,10810
23/01/2018 01:00,10843.99
23/01/2018 02:00,10700
23/01/2018 03:00,10786.71
23/01/2018 04:00,10883.17
23/01/2018 05:00,10634
23/01/2018 06:00,10468.51
23/01/2018 07:00,10351.43
23/01/2018 08:00,10309.99
23/01/2018 09:00,10741.51
23/01/2018 10:00,10500.07
23/01/2018 11:00,10389.32
23/01/2018 12:00,10193.99
23/01/2018 13:00,10260.1
23/01/2018 14:00,10321.84
23/01/2018 15:00,10451
23/01/2018 16:00,10765
23/01/2018 17:00,11370
23/01/2018 18:00,11183.9
23/01/2018 19:00,11207.45
23/01/2018 20:00,11029.7
23/01/2018 21:00,11137.47
23/01/2018 22:00,10994.28
23/01/2018 23:00,11050
24/01/2018 00:00,10848.99
24/01/2018 01:00,10599.99
24/01/2018 02:00,10657.76
24/01/2018 03:00,10777.74
24/01/2018 04:00,10838.27
24/01/2018 05:00,10688.38
24/01/2018 06:00,10640.24
24/01/2018 07:00,10964.99
24/01/2018 08:00,10965.32
24/01/2018 09:00,10869.28
24/01/2018 10:00,11120.19
24/01/2018 11:00,11016.31
24/01/2018 12:00,11055.63
24/01/2018 13:00,11339.81
24/01/2018 14:00,11335.48
24/01/2018 15:00,11300
24/01/2018 16:00,11072
24/01/2018 17:00,11047.1
24/01/2018 18:00,11111.01
24/01/2018 19:00,11047.66
24/01/2018 20:00,11201.08
24/01/2018 21:00,11171.69
24/01/2018 22:00,11233.85
24/01/2018 23:00,11113.67
25/01/2018 00:00,11400.98
25/01/2018 01:00,11308.84
25/01/2018 02:00,11465.49
25/01/2018 03:00,11560.01
25/01/2018 04:00,11630.8
25/01/2018 05:00,11450.3
25/01/2018 06:00,11578.01
25/01/2018 07:00,11493.12
25/01/2018 08:00,11432.52
25/01/2018 09:00,11315.41
25/01/2018 10:00,11342.9
25/01/2018 11:00,11310.47
25/01/2018 12:00,11163.99
25/01/2018 13:00,11070.97
25/01/2018 14:00,11232
25/01/2018 15:00,11189.12
25/01/2018 16:00,10962.05
25/01/2018 17:00,10919.64
25/01/2018 18:00,11022.4
25/01/2018 19:00,11246.98
25/01/2018 20:00,11231.26
25/01/2018 21:00,11257.29
25/01/2018 22:00,11262.44
25/01/2018 23:00,11151.38
26/01/2018 00:00,11140.01
26/01/2018 01:00,11383.38
26/01/2018 02:00,11327.66
26/01/2018 03:00,11587.04
26/01/2018 04:00,11557.37
26/01/2018 05:00,11468.08
26/01/2018 06:00,11360.62
26/01/2018 07:00,11379.43
26/01/2018 08:00,11050.01
26/01/2018 09:00,10740.61
26/01/2018 10:00,10468.88
26/01/2018 11:00,10532.33
26/01/2018 12:00,10519.99
26/01/2018 13:00,10610.3
26/01/2018 14:00,10541
26/01/2018 15:00,10815.99
26/01/2018 16:00,11049.98
26/01/2018 17:00,11099.97
26/01/2018 18:00,11158.83
26/01/2018 19:00,11037.14
26/01/2018 20:00,10961.28
26/01/2018 21:00,10995.01
26/01/2018 22:00,10925.97
26/01/2018 23:00,10805
27/01/2018 00:00,11093.74
27/01/2018 01:00,11108.68
27/01/2018 02:00,10970.25
27/01/2018 03:00,11117.25
27/01/2018 04:00,11038.28
27/01/2018 05:00,11047.61
27/01/2018 06:00,11252.01
27/01/2018 07:00,11297.55
27/01/2018 08:00,11200
27/01/2018 09:00,11152.95
27/01/2018 10:00,11275.25
27/01/2018 11:00,11214.89
27/01/2018 12:00,10938.9
27/01/2018 13:00,10920.02
27/01/2018 14:00,11030.98
27/01/2018 15:00,10998.19
27/01/2018 16:00,11500.99
27/01/2018 17:00,11556
27/01/2018 18:00,11449.68
27/01/2018 19:00,11427.02
27/01/2018 20:00,11465.04
27/01/2018 21:00,11510.12
27/01/2018 22:00,11553.46
27/01/2018 23:00,11476.99
28/01/2018 00:00,11446.54
28/01/2018 01:00,11493.79
28/01/2018 02:00,11448.97
28/01/2018 03:00,11432.31
28/01/2018 04:00,11470.99
28/01/2018 05:00,11750
28/01/2018 06:00,11787.51
28/01/2018 07:00,11969.99
28/01/2018 08:00,11800.01
28/01/2018 09:00,11824.9
28/01/2018 10:00,11800.15
28/01/2018 11:00,11711.99
28/01/2018 12:00,11809.5
28/01/2018 13:00,11541.1
28/01/2018 14:00,11674.86
28/01/2018 15:00,11605.13
28/01/2018 16:00,11583.63
28/01/2018 17:00,11659.7
28/01/2018 18:00,11642.56
28/01/2018 19:00,11599.99
28/01/2018 20:00,11709.84
28/01/2018 21:00,11767.4
28/01/2018 22:00,11791.51
28/01/2018 23:00,11713.01
29/01/2018 00:00,11685.58
29/01/2018 01:00,11754.64
29/01/2018 02:00,11390.01
29/01/2018 03:00,11406.62
29/01/2018 04:00,11452.99
29/01/2018 05:00,11484.46
29/01/2018 06:00,11466.56
29/01/2018 07:00,11287
29/01/2018 08:00,11212
29/01/2018 09:00,11294.99
29/01/2018 10:00,11277.35
29/01/2018 11:00,11292.45
29/01/2018 12:00,11101.01
29/01/2018 13:00,11124.54
29/01/2018 14:00,11219
29/01/2018 15:00,11211.1
29/01/2018 16:00,11288.75
29/01/2018 17:00,11240.11
29/01/2018 18:00,11232.4
29/01/2018 19:00,11231.48
29/01/2018 20:00,11130.5
29/01/2018 21:00,11175
29/01/2018 22:00,11200.01
29/01/2018 23:00,11046
30/01/2018 00:00,11162.62
30/01/2018 01:00,11193.35
30/01/2018 02:00,10886
30/01/2018 03:00,10915.21
30/01/2018 04:00,10913
30/01/2018 05:00,10949.57
30/01/2018 06:00,10948.82
30/01/2018 07:00,10904.92
30/01/2018 08:00,11018.99
30/01/2018 09:00,11020.99
30/01/2018 10:00,10873.37
30/01/2018 11:00,10850.27
30/01/2018 12:00,10951.32
30/01/2018 13:00,10899.09
30/01/2018 14:00,10419.54
30/01/2018 15:00,10525.78
30/01/2018 16:00,10270.72
30/01/2018 17:00,10361.56
30/01/2018 18:00,10146.44
30/01/2018 19:00,9950.42
30/01/2018 20:00,10199
30/01/2018 21:00,9977.51
30/01/2018 22:00,10082
30/01/2018 23:00,10101.01
31/01/2018 00:00,9971
31/01/2018 01:00,9676.32
31/01/2018 02:00,9742.99
31/01/2018 03:00,9987.39
31/01/2018 04:00,9876.06
31/01/2018 05:00,9814.99
31/01/2018 06:00,9860.1
31/01/2018 07:00,9988.99
31/01/2018 08:00,10173.45
31/01/2018 09:00,10134.17
31/01/2018 10:00,10055.52
31/01/2018 11:00,10101
31/01/2018 12:00,10230.46
31/01/2018 13:00,10298.7
31/01/2018 14:00,10056
31/01/2018 15:00,9895.33
31/01/2018 16:00,9962.79
31/01/2018 17:00,9987.45
31/01/2018 18:00,9951
31/01/2018 19:00,9974.91
31/01/2018 20:00,9999.03
31/01/2018 21:00,10049.02
31/01/2018 22:00,9967
31/01/2018 23:00,10046.68
01/02/2018 00:00,10148.99
01/02/2018 01:00,10115.43
01/02/2018 02:00,10109.21
01/02/2018 03:00,10096.01
01/02/2018 04:00,9941.33
01/02/2018 05:00,10092.62
01/02/2018 06:00,10137.43
01/02/2018 07:00,10050.95
01/02/2018 08:00,10010.06
01/02/2018 09:00,9843.5
01/02/2018 10:00,9522.37
01/02/2018 11:00,9363.44
01/02/2018 12:00,9456.69
01/02/2018 13:00,9308.45
01/02/2018 14:00,9151.8
01/02/2018 15:00,9286.99
01/02/2018 16:00,9216.99
01/02/2018 17:00,8920.41
01/02/2018 18:00,8943.74
01/02/2018 19:00,8970
01/02/2018 20:00,8710.23
01/02/2018 21:00,9099.99
01/02/2018 22:00,9090.03
01/02/2018 23:00,8888.81
02/02/2018 00:00,9010.87
02/02/2018 01:00,8700
02/02/2018 02:00,8632.77
02/02/2018 03:00,8843.18
02/02/2018 04:00,8650.11
02/02/2018 05:00,8630
02/02/2018 06:00,8571.62
02/02/2018 07:00,8524.98
02/02/2018 08:00,8415.01
02/02/2018 09:00,8250.18
02/02/2018 10:00,8286.54
02/02/2018 11:00,8092.01
02/02/2018 12:00,8000
02/02/2018 13:00,8100
02/02/2018 14:00,8769.95
02/02/2018 15:00,8621.24
02/02/2018 16:00,9000.77
02/02/2018 17:00,9089.95
02/02/2018 18:00,8688.14
02/02/2018 19:00,8551.19
02/02/2018 20:00,8587.89
02/02/2018 21:00,8558.03
02/02/2018 22:00,8579.76
02/02/2018 23:00,8766.24
03/02/2018 00:00,8838.29
03/02/2018 01:00,8746.61
03/02/2018 02:00,8626.12
03/02/2018 03:00,8501.1
03/02/2018 04:00,8250
03/02/2018 05:00,8408.72
03/02/2018 06:00,8430.01
03/02/2018 07:00,8626.04
03/02/2018 08:00,8630
03/02/2018 09:00,8906.99
03/02/2018 10:00,8863.15
03/02/2018 11:00,8769.02
03/02/2018 12:00,9042.98
03/02/2018 13:00,9029.61
03/02/2018 14:00,9211.07
03/02/2018 15:00,9341.77
03/02/2018 16:00,9207.54
03/02/2018 17:00,9280.33
03/02/2018 18:00,9178.89
03/02/2018 19:00,9391.3
03/02/2018 20:00,9295.31
03/02/2018 21:00,9262.18
03/02/2018 22:00,9168
03/02/2018 23:00,9091
04/02/2018 00:00,9225.31
04/02/2018 01:00,9072.76
04/02/2018 02:00,8917.67
04/02/2018 03:00,9062.34
04/02/2018 04:00,9195
04/02/2018 05:00,9044.01
04/02/2018 06:00,9249.17
04/02/2018 07:00,9223.9
04/02/2018 08:00,9191.09
04/02/2018 09:00,9055.81
04/02/2018 10:00,8823.02
04/02/2018 11:00,8746.26
04/02/2018 12:00,8658.1
04/02/2018 13:00,8717.51
04/02/2018 14:00,8693.16
04/02/2018 15:00,8617.1
04/02/2018 16:00,8374.07
04/02/2018 17:00,8461.38
04/02/2018 18:00,8469.78
04/02/2018 19:00,8301.65
04/02/2018 20:00,8165.04
04/02/2018 21:00,8102
04/02/2018 22:00,8075.84
04/02/2018 23:00,8387.58
05/02/2018 00:00,8190.78
05/02/2018 01:00,8202.23
05/02/2018 02:00,8057.8
05/02/2018 03:00,8003.16
05/02/2018 04:00,8116.38
05/02/2018 05:00,8278.56
05/02/2018 06:00,8156.11
05/02/2018 07:00,8043.99
05/02/2018 08:00,7955.98
05/02/2018 09:00,7784.46
05/02/2018 10:00,7876.42
05/02/2018 11:00,7632.03
05/02/2018 12:00,7550
05/02/2018 13:00,7657.55
05/02/2018 14:00,7637.27
05/02/2018 15:00,7320.1
05/02/2018 16:00,7349.9
05/02/2018 17:00,7263
05/02/2018 18:00,7036
05/02/2018 19:00,6877.61
05/02/2018 20:00,6624.79
05/02/2018 21:00,7188.91
05/02/2018 22:00,7100
05/02/2018 23:00,6792.28
06/02/2018 00:00,6878.65
06/02/2018 01:00,6956.06
06/02/2018 02:00,6446
06/02/2018 03:00,6377.23
06/02/2018 04:00,6331
06/02/2018 05:00,6100.1
06/02/2018 06:00,6480.5
06/02/2018 07:00,6250.01
06/02/2018 08:00,5977.59
06/02/2018 09:00,6090.15
06/02/2018 10:00,6670
06/02/2018 11:00,6450
06/02/2018 12:00,6455.01
06/02/2018 13:00,6676.92
06/02/2018 14:00,7165.04
06/02/2018 15:00,7180.16
06/02/2018 16:00,7329.31
06/02/2018 17:00,7108.02
06/02/2018 18:00,7002
06/02/2018 19:00,7170
06/02/2018 20:00,7549.5
06/02/2018 21:00,7575
06/02/2018 22:00,7800
06/02/2018 23:00,7672.98
07/02/2018 00:00,7737.26
07/02/2018 01:00,7600
07/02/2018 02:00,7635
07/02/2018 03:00,7379.05
07/02/2018 04:00,7274.58
07/02/2018 05:00,7514.65
07/02/2018 06:00,7479.69
07/02/2018 07:00,7539.3
07/02/2018 08:00,7757
07/02/2018 09:00,7690.15
07/02/2018 10:00,8009.99
07/02/2018 11:00,8251
07/02/2018 12:00,8252
07/02/2018 13:00,8387.27
07/02/2018 14:00,8300.02
07/02/2018 15:00,8255.41
07/02/2018 16:00,8217.33
07/02/2018 17:00,8012.83
07/02/2018 18:00,8339.42
07/02/2018 19:00,8239.4
07/02/2018 20:00,8171
07/02/2018 21:00,8173.84
07/02/2018 22:00,8080
07/02/2018 23:00,7848
08/02/2018 00:00,7588.01
08/02/2018 01:00,7721
08/02/2018 02:00,7878.01
08/02/2018 03:00,8041.8
08/02/2018 04:00,7974.73
08/02/2018 05:00,8163.94
08/02/2018 06:00,7969.9
08/02/2018 07:00,8020
08/02/2018 08:00,8320.93
08/02/2018 09:00,8242.45
08/02/2018 10:00,8323.16
08/02/2018 11:00,8571
08/02/2018 12:00,8493.35
08/02/2018 13:00,8610.66
08/02/2018 14:00,8445.01
08/02/2018 15:00,8412.96
08/02/2018 16:00,8207.73
08/02/2018 17:00,8280
08/02/2018 18:00,8185.76
08/02/2018 19:00,8218.11
08/02/2018 20:00,8416.78
08/02/2018 21:00,8293.82
08/02/2018 22:00,8170.62
08/02/2018 23:00,8219.24
09/02/2018 00:00,8259.42
09/02/2018 01:00,7901.08
09/02/2018 02:00,7992.37
09/02/2018 03:00,8132.58
09/02/2018 04:00,8082.44
09/02/2018 05:00,7847.89
09/02/2018 06:00,7896.17
09/02/2018 07:00,7971.47
09/02/2018 08:00,8010
09/02/2018 09:00,8076.55
09/02/2018 10:00,8250.01
09/02/2018 11:00,8239.99
09/02/2018 12:00,8265.85
09/02/2018 13:00,8220.64
09/02/2018 14:00,8285.08
09/02/2018 15:00,8415.16
09/02/2018 16:00,8331.8
09/02/2018 17:00,8382.45
09/02/2018 18:00,8625
09/02/2018 19:00,8622.27
09/02/2018 20:00,8644.4
09/02/2018 21:00,8577.35
09/02/2018 22:00,8557.19
09/02/2018 23:00,8599.72
10/02/2018 00:00,8693.98
10/02/2018 01:00,8886.89
10/02/2018 02:00,8824.42
10/02/2018 03:00,8944.68
10/02/2018 04:00,8931.16
10/02/2018 05:00,8838
10/02/2018 06:00,8890.64
10/02/2018 07:00,9056.62
10/02/2018 08:00,8952.01
10/02/2018 09:00,8706
10/02/2018 10:00,8649.96
10/02/2018 11:00,8546.31
10/02/2018 12:00,8678.31
10/02/2018 13:00,8646.77
10/02/2018 14:00,8762.04
10/02/2018 15:00,8640.59
10/02/2018 16:00,8359
10/02/2018 17:00,8307.11
10/02/2018 18:00,8446.16
10/02/2018 19:00,8333.19
10/02/2018 20:00,8444.17
10/02/2018 21:00,8211.03
10/02/2018 22:00,8280.36
10/02/2018 23:00,8569.75
11/02/2018 00:00,8560
11/02/2018 01:00,8416.17
11/02/2018 02:00,8255.01
11/02/2018 03:00,8249.25
11/02/2018 04:00,8044.9
11/02/2018 05:00,7986.65
11/02/2018 06:00,8120.04
11/02/2018 07:00,8064.22
11/02/2018 08:00,7942.97
11/02/2018 09:00,7913.13
11/02/2018 10:00,8120
11/02/2018 11:00,7981.15
11/02/2018 12:00,8192.61
11/02/2018 13:00,8284
11/02/2018 14:00,8268
11/02/2018 15:00,8455
11/02/2018 16:00,8425
11/02/2018 17:00,8335.16
11/02/2018 18:00,8211.02
11/02/2018 19:00,8342.6
11/02/2018 20:00,8290
11/02/2018 21:00,8227.21
11/02/2018 22:00,8293.03
11/02/2018 23:00,8319.03
12/02/2018 00:00,8077.25
12/02/2018 01:00,8217.69
12/02/2018 02:00,8340.06
12/02/2018 03:00,8538.03
12/02/2018 04:00,8483.18
12/02/2018 05:00,8493.61
12/02/2018 06:00,8365.22
12/02/2018 07:00,8415
12/02/2018 08:00,8472.05
12/02/2018 09:00,8768.77
12/02/2018 10:00,8789.89
12/02/2018 11:00,8837.22
12/02/2018 12:00,8656.76
12/02/2018 13:00,8769.5
12/02/2018 14:00,8671.2
12/02/2018 15:00,8546.1
12/02/2018 16:00,8666.5
12/02/2018 17:00,8677.34
12/02/2018 18:00,8760.9
12/02/2018 19:00,8676.09
12/02/2018 20:00,8782.77
12/02/2018 21:00,8863.41
12/02/2018 22:00,8839
12/02/2018 23:00,8889.99
13/02/2018 00:00,8891.2
13/02/2018 01:00,8936.15
13/02/2018 02:00,8759.9
13/02/2018 03:00,8725.22
13/02/2018 04:00,8771.1
13/02/2018 05:00,8589.99
13/02/2018 06:00,8608
13/02/2018 07:00,8711.1
13/02/2018 08:00,8615.25
13/02/2018 09:00,8533.99
13/02/2018 10:00,8439.83
13/02/2018 11:00,8500
13/02/2018 12:00,8519.96
13/02/2018 13:00,8586.72
13/02/2018 14:00,8600.01
13/02/2018 15:00,8592.24
13/02/2018 16:00,8503.13
13/02/2018 17:00,8553.99
13/02/2018 18:00,8629.41
13/02/2018 19:00,8570.24
13/02/2018 20:00,8626.99
13/02/2018 21:00,8702.25
13/02/2018 22:00,8551.94
13/02/2018 23:00,8549.99
14/02/2018 00:00,8504.57
14/02/2018 01:00,8607.88
14/02/2018 02:00,8652.99
14/02/2018 03:00,8676.88
14/02/2018 04:00,8702.01
14/02/2018 05:00,8809.42
14/02/2018 06:00,8840.98
14/02/2018 07:00,8792.87
14/02/2018 08:00,8883.26
14/02/2018 09:00,8877.74
14/02/2018 10:00,8785.85
14/02/2018 11:00,8773.98
14/02/2018 12:00,8965.41
14/02/2018 13:00,9157.17
14/02/2018 14:00,9233.98
14/02/2018 15:00,9179.98
14/02/2018 16:00,9342.99
14/02/2018 17:00,9285.98
14/02/2018 18:00,9319.99
14/02/2018 19:00,9309.01
14/02/2018 20:00,9263.99
14/02/2018 21:00,9299.03
14/02/2018 22:00,9287.82
14/02/2018 23:00,9457.5
15/02/2018 00:00,9490.98
15/02/2018 01:00,9380.72
15/02/2018 02:00,9416.78
15/02/2018 03:00,9640.77
15/02/2018 04:00,9653.4
15/02/2018 05:00,9748.98
15/02/2018 06:00,9701
15/02/2018 07:00,9707.41
15/02/2018 08:00,9855.32
15/02/2018 09:00,9888.95
15/02/2018 10:00,9650.79
15/02/2018 11:00,9689.07
15/02/2018 12:00,9628.93
15/02/2018 13:00,9763.78
15/02/2018 14:00,9675
15/02/2018 15:00,9889.89
15/02/2018 16:00,9834.89
15/02/2018 17:00,9919.44
15/02/2018 18:00,10086.57
15/02/2018 19:00,10087
15/02/2018 20:00,10119.34
15/02/2018 21:00,10100.01
15/02/2018 22:00,9895.79
15/02/2018 23:00,10100
16/02/2018 00:00,10011.3
16/02/2018 01:00,10253.41
16/02/2018 02:00,10297.99
16/02/2018 03:00,10201.99
16/02/2018 04:00,10131.72
16/02/2018 05:00,10025.82
16/02/2018 06:00,10114.76
16/02/2018 07:00,9870
16/02/2018 08:00,9756.45
16/02/2018 09:00,9939.07
16/02/2018 10:00,9909.65
16/02/2018 11:00,9800
16/02/2018 12:00,9839.01
16/02/2018 13:00,9870.33
16/02/2018 14:00,9845.13
16/02/2018 15:00,10037.27
16/02/2018 16:00,10049.23
16/02/2018 17:00,10084.2
16/02/2018 18:00,10060.15
16/02/2018 19:00,9960.8
16/02/2018 20:00,10054.98
16/02/2018 21:00,10022.26
16/02/2018 22:00,10090.21
16/02/2018 23:00,10208.83
17/02/2018 00:00,10203.14
17/02/2018 01:00,10198.93
17/02/2018 02:00,10363.8
17/02/2018 03:00,10375.33
17/02/2018 04:00,10475.1
17/02/2018 05:00,10584.93
17/02/2018 06:00,10540.64
17/02/2018 07:00,10770.01
17/02/2018 08:00,10726.68
17/02/2018 09:00,10830
17/02/2018 10:00,10698.99
17/02/2018 11:00,10673.9
17/02/2018 12:00,10735.51
17/02/2018 13:00,10808.85
17/02/2018 14:00,10698.6
17/02/2018 15:00,10654.37
17/02/2018 16:00,10748.36
17/02/2018 17:00,10814.04
17/02/2018 18:00,10807.17
17/02/2018 19:00,10791.15
17/02/2018 20:00,10714.51
17/02/2018 21:00,10781.52
17/02/2018 22:00,10863.01
17/02/2018 23:00,10966
18/02/2018 00:00,11101
18/02/2018 01:00,11160.99
18/02/2018 02:00,11229.6
18/02/2018 03:00,11137.4
18/02/2018 04:00,10890.01
18/02/2018 05:00,10943.97
18/02/2018 06:00,10501
18/02/2018 07:00,10479.43
18/02/2018 08:00,10631.75
18/02/2018 09:00,10394.49
18/02/2018 10:00,10172.77
18/02/2018 11:00,10541.99
18/02/2018 12:00,10653.26
18/02/2018 13:00,10585.72
18/02/2018 14:00,10763.9
18/02/2018 15:00,10822.92
18/02/2018 16:00,10719.72
18/02/2018 17:00,10623.83
18/02/2018 18:00,10757.8
18/02/2018 19:00,10791.38
18/02/2018 20:00,10879.98
18/02/2018 21:00,10804.15
18/02/2018 22:00,10814.24
18/02/2018 23:00,10600
19/02/2018 00:00,10433.68
19/02/2018 01:00,10474.98
19/02/2018 02:00,10665.77
19/02/2018 03:00,10637.15
19/02/2018 04:00,10551
19/02/2018 05:00,10548.52
19/02/2018 06:00,10470.03
19/02/2018 07:00,10483.04
19/02/2018 08:00,10831.5
19/02/2018 09:00,10814.97
19/02/2018 10:00,10935
19/02/2018 11:00,10908.92
19/02/2018 12:00,10983.39
19/02/2018 13:00,10911.57
19/02/2018 14:00,10969.9
19/02/2018 15:00,10955
19/02/2018 16:00,11170.1
19/02/2018 17:00,11089.99
19/02/2018 18:00,10943.99
19/02/2018 19:00,11098.31
19/02/2018 20:00,11159.05
19/02/2018 21:00,11235
19/02/2018 22:00,11070.62
19/02/2018 23:00,11061.33
20/02/2018 00:00,11159.12
20/02/2018 01:00,11405.51
20/02/2018 02:00,11490.49
20/02/2018 03:00,11375
20/02/2018 04:00,11429.4
20/02/2018 05:00,11444.67
20/02/2018 06:00,11455
20/02/2018 07:00,11577.85
20/02/2018 08:00,11548.11
20/02/2018 09:00,11349
20/02/2018 10:00,11346.13
20/02/2018 11:00,11393
20/02/2018 12:00,11454.01
20/02/2018 13:00,11420
20/02/2018 14:00,11559.44
20/02/2018 15:00,11508.16
20/02/2018 16:00,11522.56
20/02/2018 17:00,11580
20/02/2018 18:00,11682
20/02/2018 19:00,11670
20/02/2018 20:00,11671.26
20/02/2018 21:00,11741.66
20/02/2018 22:00,11711
20/02/2018 23:00,11356.51
21/02/2018 00:00,11233.42
21/02/2018 01:00,11106.83
21/02/2018 02:00,11102.86
21/02/2018 03:00,11092.75
21/02/2018 04:00,10958.24
21/02/2018 05:00,10803.11
21/02/2018 06:00,10837.17
21/02/2018 07:00,11087.9
21/02/2018 08:00,11149.88
21/02/2018 09:00,11068.13
21/02/2018 10:00,11179.19
21/02/2018 11:00,10978.66
21/02/2018 12:00,10955.27
21/02/2018 13:00,11068.53
21/02/2018 14:00,10750.64
21/02/2018 15:00,10649.31
21/02/2018 16:00,10581.05
21/02/2018 17:00,10475.57
21/02/2018 18:00,10540
21/02/2018 19:00,10547.88
21/02/2018 20:00,10411.04
21/02/2018 21:00,10408.3
21/02/2018 22:00,10305.14
21/02/2018 23:00,10486.77
22/02/2018 00:00,10446.79
22/02/2018 01:00,10499.86
22/02/2018 02:00,10620.53
22/02/2018 03:00,10724.64
22/02/2018 04:00,10728.23
22/02/2018 05:00,10722.39
22/02/2018 06:00,10807.73
22/02/2018 07:00,10872.16
22/02/2018 08:00,10637.26
22/02/2018 09:00,10456
22/02/2018 10:00,10350.98
22/02/2018 11:00,10142
22/02/2018 12:00,10268.99
22/02/2018 13:00,9924.25
22/02/2018 14:00,9912.48
22/02/2018 15:00,9928.99
22/02/2018 16:00,10021.84
22/02/2018 17:00,9933.09
22/02/2018 18:00,9867.99
22/02/2018 19:00,9890.02
22/02/2018 20:00,10049.98
22/02/2018 21:00,10099.45
22/02/2018 22:00,9933.5
22/02/2018 23:00,9958.11
23/02/2018 00:00,9843.33
23/02/2018 01:00,9680.92
23/02/2018 02:00,9728.9
23/02/2018 03:00,9756.04
23/02/2018 04:00,9826.11
23/02/2018 05:00,9862.58
23/02/2018 06:00,9836.2
23/02/2018 07:00,9846.93
23/02/2018 08:00,9893.78
23/02/2018 09:00,9924.98
23/02/2018 10:00,10119.83
23/02/2018 11:00,10015.03
23/02/2018 12:00,10208.49
23/02/2018 13:00,10221.75
23/02/2018 14:00,10232.64
23/02/2018 15:00,10327.98
23/02/2018 16:00,10315
23/02/2018 17:00,10111.48
23/02/2018 18:00,10112.99
23/02/2018 19:00,10209.77
23/02/2018 20:00,10047.38
23/02/2018 21:00,9978.62
23/02/2018 22:00,9920.64
23/02/2018 23:00,10160.96
24/02/2018 00:00,10135.2
24/02/2018 01:00,10321.49
24/02/2018 02:00,10350
24/02/2018 03:00,10426.1
24/02/2018 04:00,10430.01
24/02/2018 05:00,10400.1
24/02/2018 06:00,10457.59
24/02/2018 07:00,10195.1
24/02/2018 08:00,10124.91
24/02/2018 09:00,10051.53
24/02/2018 10:00,10065.29
24/02/2018 11:00,9751.95
24/02/2018 12:00,9769.87
24/02/2018 13:00,9807.3
24/02/2018 14:00,9643.52
24/02/2018 15:00,9759.8
24/02/2018 16:00,9738.93
24/02/2018 17:00,9791.9
24/02/2018 18:00,9637.66
24/02/2018 19:00,9570.01
24/02/2018 20:00,9598
24/02/2018 21:00,9408.08
24/02/2018 22:00,9510
24/02/2018 23:00,9623.45
25/02/2018 00:00,9688.26
25/02/2018 01:00,9620.46
25/02/2018 02:00,9773.42
25/02/2018 03:00,9620
25/02/2018 04:00,9579.15
25/02/2018 05:00,9727.99
25/02/2018 06:00,9741.99
25/02/2018 07:00,9787.5
25/02/2018 08:00,9759.46
25/02/2018 09:00,9626.99
25/02/2018 10:00,9614.97
25/02/2018 11:00,9655.7
25/02/2018 12:00,9666.95
25/02/2018 13:00,9517.56
25/02/2018 14:00,9496
25/02/2018 15:00,9382.81
25/02/2018 16:00,9398.67
25/02/2018 17:00,9396.37
25/02/2018 18:00,9377.85
25/02/2018 19:00,9454.67
25/02/2018 20:00,9475.01
25/02/2018 21:00,9582.93
25/02/2018 22:00,9599.97
25/02/2018 23:00,9686.1
26/02/2018 00:00,9595.99
26/02/2018 01:00,9595.21
26/02/2018 02:00,9731.53
26/02/2018 03:00,9756.28
26/02/2018 04:00,9640.23
26/02/2018 05:00,9689.98
26/02/2018 06:00,9629.99
26/02/2018 07:00,9445.65
26/02/2018 08:00,9491.19
26/02/2018 09:00,9453.99
26/02/2018 10:00,9480.5
26/02/2018 11:00,9718.35
26/02/2018 12:00,9753.8
26/02/2018 13:00,9896.37
26/02/2018 14:00,10126.99
26/02/2018 15:00,10231.47
26/02/2018 16:00,10246.01
26/02/2018 17:00,10186.03
26/02/2018 18:00,10223.1
26/02/2018 19:00,10267.99
26/02/2018 20:00,10235.04
26/02/2018 21:00,10320.24
26/02/2018 22:00,10385.43
26/02/2018 23:00,10372.02
27/02/2018 00:00,10329.99
27/02/2018 01:00,10369.99
27/02/2018 02:00,10205.99
27/02/2018 03:00,10170
27/02/2018 04:00,10286.68
27/02/2018 05:00,10292.53
27/02/2018 06:00,10325.98
27/02/2018 07:00,10315.69
27/02/2018 08:00,10628.06
27/02/2018 09:00,10703.71
27/02/2018 10:00,10737.79
27/02/2018 11:00,10658.72
27/02/2018 12:00,10705.73
27/02/2018 13:00,10678.16
27/02/2018 14:00,10850
27/02/2018 15:00,10680
27/02/2018 16:00,10578.37
27/02/2018 17:00,10621.2
27/02/2018 18:00,10570
27/02/2018 19:00,10621.65
27/02/2018 20:00,10673.06
27/02/2018 21:00,10660
27/02/2018 22:00,10763.83
27/02/2018 23:00,10735.83
28/02/2018 00:00,10572.49
28/02/2018 01:00,10640.86
28/02/2018 02:00,10698.87
28/02/2018 03:00,10678.39
28/02/2018 04:00,10903.46
28/02/2018 05:00,10907.21
28/02/2018 06:00,10945.67
28/02/2018 07:00,10809.73
28/02/2018 08:00,10751.99
28/02/2018 09:00,10496.77
28/02/2018 10:00,10600.83
28/02/2018 11:00,10576.27
28/02/2018 12:00,10567.89
28/02/2018 13:00,10394.44
28/02/2018 14:00,10464.16
28/02/2018 15:00,10514.99
28/02/2018 16:00,10510.99
28/02/2018 17:00,10405.09
28/02/2018 18:00,10447.15
28/02/2018 19:00,10482.78
28/02/2018 20:00,10555.13
28/02/2018 21:00,10659.99
28/02/2018 22:00,10529.75
28/02/2018 23:00,10409
01/03/2018 00:00,10314.99
01/03/2018 01:00,10388.99
01/03/2018 02:00,10414.99
01/03/2018 03:00,10322.34
01/03/2018 04:00,10359.99
01/03/2018 05:00,10439.99
01/03/2018 06:00,10404.01
01/03/2018 07:00,10408.36
01/03/2018 08:00,10532.99
01/03/2018 09:00,10626.43
01/03/2018 10:00,10595
01/03/2018 11:00,10736.48
01/03/2018 12:00,10654.78
01/03/2018 13:00,10641.62
01/03/2018 14:00,10770
01/03/2018 15:00,10782.64
01/03/2018 16:00,10713.87
01/03/2018 17:00,10744.66
01/03/2018 18:00,10847
01/03/2018 19:00,10932.81
01/03/2018 20:00,10900
01/03/2018 21:00,11041.02
01/03/2018 22:00,10933.28
01/03/2018 23:00,10990.98
02/03/2018 00:00,10917.37
02/03/2018 01:00,11016.22
02/03/2018 02:00,11130.21
02/03/2018 03:00,11036.33
02/03/2018 04:00,11090.36
02/03/2018 05:00,10985.99
02/03/2018 06:00,10991.41
02/03/2018 07:00,11094.99
02/03/2018 08:00,11079.99
02/03/2018 09:00,11099.99
02/03/2018 10:00,10888.99
02/03/2018 11:00,10910
02/03/2018 12:00,10913.93
02/03/2018 13:00,11020.99
02/03/2018 14:00,10961.28
02/03/2018 15:00,10788.99
02/03/2018 16:00,10860.1
02/03/2018 17:00,10859.54
02/03/2018 18:00,10913.99
02/03/2018 19:00,10931.12
02/03/2018 20:00,10918.99
02/03/2018 21:00,11060.01
02/03/2018 22:00,11034.99
02/03/2018 23:00,11103.99
03/03/2018 00:00,11032.81
03/03/2018 01:00,11066.84
03/03/2018 02:00,11219.93
03/03/2018 03:00,11308.79
03/03/2018 04:00,11317.14
03/03/2018 05:00,11350.01
03/03/2018 06:00,11319.09
03/03/2018 07:00,11337.99
03/03/2018 08:00,11295.81
03/03/2018 09:00,11351.59
03/03/2018 10:00,11319.99
03/03/2018 11:00,11323.46
03/03/2018 12:00,11278.71
03/03/2018 13:00,11399.99
03/03/2018 14:00,11447.4
03/03/2018 15:00,11412.01
03/03/2018 16:00,11458.31
03/03/2018 17:00,11448.97
03/03/2018 18:00,11494.01
03/03/2018 19:00,11459.7
03/03/2018 20:00,11451.98
03/03/2018 21:00,11290.74
03/03/2018 22:00,11283.4
03/03/2018 23:00,11397.64
04/03/2018 00:00,11445
04/03/2018 01:00,11352.52
04/03/2018 02:00,11390.99
04/03/2018 03:00,11305.17
04/03/2018 04:00,11176.27
04/03/2018 05:00,11203.02
04/03/2018 06:00,11201.65
04/03/2018 07:00,11116
04/03/2018 08:00,11142.39
04/03/2018 09:00,11199.99
04/03/2018 10:00,11232.93
04/03/2018 11:00,11135.42
04/03/2018 12:00,11145.74
04/03/2018 13:00,11207.99
04/03/2018 14:00,11194.99
04/03/2018 15:00,11108.05
04/03/2018 16:00,11125
04/03/2018 17:00,11131.94
04/03/2018 18:00,11101
04/03/2018 19:00,11340.99
04/03/2018 20:00,11345.05
04/03/2018 21:00,11442.99
04/03/2018 22:00,11404.12
04/03/2018 23:00,11368.76
05/03/2018 00:00,11479.68
05/03/2018 01:00,11461
05/03/2018 02:00,11451.89
05/03/2018 03:00,11518.04
05/03/2018 04:00,11550.38
05/03/2018 05:00,11511.76
05/03/2018 06:00,11515.2
05/03/2018 07:00,11539.1
05/03/2018 08:00,11515.04
05/03/2018 09:00,11442.03
05/03/2018 10:00,11437
05/03/2018 11:00,11490.65
05/03/2018 12:00,11499.95
05/03/2018 13:00,11542
05/03/2018 14:00,11519.16
05/03/2018 15:00,11479.7
05/03/2018 16:00,11500.3
05/03/2018 17:00,11513.64
05/03/2018 18:00,11490.72
05/03/2018 19:00,11669.99
05/03/2018 20:00,11636.99
05/03/2018 21:00,11593.41
05/03/2018 22:00,11558.85
05/03/2018 23:00,11560.53
06/03/2018 00:00,11417.39
06/03/2018 01:00,11284.31
06/03/2018 02:00,11279
06/03/2018 03:00,11264.99
06/03/2018 04:00,11247.38
06/03/2018 05:00,11288.78
06/03/2018 06:00,11309.99
06/03/2018 07:00,11291.98
06/03/2018 08:00,11297.99
06/03/2018 09:00,11254.77
06/03/2018 10:00,11258.17
06/03/2018 11:00,10935.53
06/03/2018 12:00,10928.28
06/03/2018 13:00,10918.99
06/03/2018 14:00,10855.35
06/03/2018 15:00,10991.63
06/03/2018 16:00,10971.17
06/03/2018 17:00,10950.02
06/03/2018 18:00,10768.97
06/03/2018 19:00,10712
06/03/2018 20:00,10704.77
06/03/2018 21:00,10650.74
06/03/2018 22:00,10790
06/03/2018 23:00,10768.2
07/03/2018 00:00,10723.01
07/03/2018 01:00,10859
07/03/2018 02:00,10866.99
07/03/2018 03:00,10796.42
07/03/2018 04:00,10735.7
07/03/2018 05:00,10761.99
07/03/2018 06:00,10670
07/03/2018 07:00,10516.92
07/03/2018 08:00,10526.82
07/03/2018 09:00,10550
07/03/2018 10:00,10488.25
07/03/2018 11:00,10482.13
07/03/2018 12:00,10636.99
07/03/2018 13:00,10590.44
07/03/2018 14:00,10550.6
07/03/2018 15:00,10665.44
07/03/2018 16:00,10655
07/03/2018 17:00,9956.19
07/03/2018 18:00,9750.5
07/03/2018 19:00,9682.73
07/03/2018 20:00,9842.59
07/03/2018 21:00,9759.98
07/03/2018 22:00,9941.5
07/03/2018 23:00,9931.62
08/03/2018 00:00,9904.52
08/03/2018 01:00,9939.32
08/03/2018 02:00,9870.05
08/03/2018 03:00,9625.68
08/03/2018 04:00,9546.51
08/03/2018 05:00,9781.33
08/03/2018 06:00,9809.57
08/03/2018 07:00,9752.93
08/03/2018 08:00,9970.59
08/03/2018 09:00,9913.99
08/03/2018 10:00,10070
08/03/2018 11:00,10031.94
08/03/2018 12:00,9954.69
08/03/2018 13:00,9803.15
08/03/2018 14:00,9924.66
08/03/2018 15:00,9762.34
08/03/2018 16:00,9934.24
08/03/2018 17:00,9433.96
08/03/2018 18:00,9300.96
08/03/2018 19:00,9347.08
08/03/2018 20:00,9390.05
08/03/2018 21:00,9376.7
08/03/2018 22:00,9318.99
08/03/2018 23:00,9255
09/03/2018 00:00,9293.06
09/03/2018 01:00,9368.63
09/03/2018 02:00,9099.24
09/03/2018 03:00,9009.79
09/03/2018 04:00,8975.11
09/03/2018 05:00,8649.1
09/03/2018 06:00,8507.46
09/03/2018 07:00,8821.9
09/03/2018 08:00,8745.3
09/03/2018 09:00,8701.47
09/03/2018 10:00,8571.98
09/03/2018 11:00,8771.47
09/03/2018 12:00,8964.99
09/03/2018 13:00,8995.49
09/03/2018 14:00,8947.25
09/03/2018 15:00,9166.55
09/03/2018 16:00,8975.01
09/03/2018 17:00,8717.42
09/03/2018 18:00,8754.35
09/03/2018 19:00,8888.11
09/03/2018 20:00,8786.1
09/03/2018 21:00,8990.01
09/03/2018 22:00,8999.9
09/03/2018 23:00,9215.12
10/03/2018 00:00,9228.83
10/03/2018 01:00,9333.04
10/03/2018 02:00,9292.3
10/03/2018 03:00,9287.19
10/03/2018 04:00,9259.99
10/03/2018 05:00,9329.99
10/03/2018 06:00,9347
10/03/2018 07:00,9444.04
10/03/2018 08:00,9360
10/03/2018 09:00,9357.86
10/03/2018 10:00,9222.99
10/03/2018 11:00,9361.65
10/03/2018 12:00,9369.95
10/03/2018 13:00,9306.42
10/03/2018 14:00,9309.22
10/03/2018 15:00,9429.44
10/03/2018 16:00,9354.71
10/03/2018 17:00,9393.18
10/03/2018 18:00,9142.33
10/03/2018 19:00,9116.07
10/03/2018 20:00,9122.44
10/03/2018 21:00,8866.14
10/03/2018 22:00,8819.54
10/03/2018 23:00,8845.92
11/03/2018 00:00,8795.04
11/03/2018 01:00,8507.34
11/03/2018 02:00,8600.02
11/03/2018 03:00,8710.82
11/03/2018 04:00,8629
11/03/2018 05:00,8675.37
11/03/2018 06:00,8821.4
11/03/2018 07:00,8813.2
11/03/2018 08:00,8720.52
11/03/2018 09:00,8795.37
11/03/2018 10:00,8655.25
11/03/2018 11:00,8700
11/03/2018 12:00,9050.05
11/03/2018 13:00,9185
11/03/2018 14:00,9220.73
11/03/2018 15:00,9221.49
11/03/2018 16:00,9100
11/03/2018 17:00,9220.19
11/03/2018 18:00,9648
11/03/2018 19:00,9615.81
11/03/2018 20:00,9653.95
11/03/2018 21:00,9650
11/03/2018 22:00,9545.27
11/03/2018 23:00,9517.07
12/03/2018 00:00,9535.04
12/03/2018 01:00,9599.39
12/03/2018 02:00,9526.23
12/03/2018 03:00,9584.97
12/03/2018 04:00,9420.43
12/03/2018 05:00,9548.99
12/03/2018 06:00,9573.2
12/03/2018 07:00,9597.99
12/03/2018 08:00,9580.32
12/03/2018 09:00,9536.26
12/03/2018 10:00,9822.99
12/03/2018 11:00,9823.35
12/03/2018 12:00,9828.99
12/03/2018 13:00,9784.58
12/03/2018 14:00,9780.17
12/03/2018 15:00,9251.97
12/03/2018 16:00,9185.77
12/03/2018 17:00,9190
12/03/2018 18:00,9192.63
12/03/2018 19:00,9204.49
12/03/2018 20:00,8929.96
12/03/2018 21:00,9014.07
12/03/2018 22:00,9109.29
12/03/2018 23:00,9040.38
13/03/2018 00:00,9115.24
13/03/2018 01:00,9241.75
13/03/2018 02:00,9090
13/03/2018 03:00,9128.99
13/03/2018 04:00,9047.99
13/03/2018 05:00,9380.99
13/03/2018 06:00,9383.45
13/03/2018 07:00,9350.07
13/03/2018 08:00,9204.83
13/03/2018 09:00,9175
13/03/2018 10:00,9260.77
13/03/2018 11:00,8881.1
13/03/2018 12:00,9065.82
13/03/2018 13:00,8964.01
13/03/2018 14:00,9137.91
13/03/2018 15:00,9096
13/03/2018 16:00,9081.06
13/03/2018 17:00,9242.99
13/03/2018 18:00,9111.96
13/03/2018 19:00,9145.18
13/03/2018 20:00,9073.66
13/03/2018 21:00,9065.52
13/03/2018 22:00,9133.99
13/03/2018 23:00,9151.99
14/03/2018 00:00,9152.07
14/03/2018 01:00,9309.82
14/03/2018 02:00,9291.57
14/03/2018 03:00,9248.14
14/03/2018 04:00,9280.39
14/03/2018 05:00,9122.21
14/03/2018 06:00,9198.91
14/03/2018 07:00,9186.99
14/03/2018 08:00,9104.55
14/03/2018 09:00,9124.99
14/03/2018 10:00,8915.07
14/03/2018 11:00,8739.29
14/03/2018 12:00,8710.57
14/03/2018 13:00,8699.99
14/03/2018 14:00,8675
14/03/2018 15:00,8743.63
14/03/2018 16:00,8737.5
14/03/2018 17:00,8419.99
14/03/2018 18:00,8332
14/03/2018 19:00,8255.62
14/03/2018 20:00,8297.1
14/03/2018 21:00,8300
14/03/2018 22:00,8048.98
14/03/2018 23:00,8177.98
15/03/2018 00:00,8195.99
15/03/2018 01:00,8099.1
15/03/2018 02:00,8136.37
15/03/2018 03:00,7800.04
15/03/2018 04:00,7902.56
15/03/2018 05:00,7913.1
15/03/2018 06:00,7790.52
15/03/2018 07:00,7854.99
15/03/2018 08:00,7892.85
15/03/2018 09:00,8196.57
15/03/2018 10:00,8199.03
15/03/2018 11:00,8117.54
15/03/2018 12:00,8253.99
15/03/2018 13:00,8241.1
15/03/2018 14:00,8387.09
15/03/2018 15:00,8308.26
15/03/2018 16:00,8102.99
15/03/2018 17:00,8085.99
15/03/2018 18:00,8164.99
15/03/2018 19:00,8151.98
15/03/2018 20:00,8224.74
15/03/2018 21:00,8250.02
15/03/2018 22:00,8299.53
15/03/2018 23:00,8332.01
16/03/2018 00:00,8265.05
16/03/2018 01:00,8063.73
16/03/2018 02:00,8021.72
16/03/2018 03:00,8095.01
16/03/2018 04:00,8038.67
16/03/2018 05:00,8196.74
16/03/2018 06:00,8194.29
16/03/2018 07:00,8206.84
16/03/2018 08:00,8259.02
16/03/2018 09:00,8206.68
16/03/2018 10:00,8189.57
16/03/2018 11:00,8112.86
16/03/2018 12:00,8202.87
16/03/2018 13:00,8192.3
16/03/2018 14:00,8480.43
16/03/2018 15:00,8452.99
16/03/2018 16:00,8554.42
16/03/2018 17:00,8535.01
16/03/2018 18:00,8469.45
16/03/2018 19:00,8515.81
16/03/2018 20:00,8539.28
16/03/2018 21:00,8529.89
16/03/2018 22:00,8494.71
16/03/2018 23:00,8483
17/03/2018 00:00,8258.54
17/03/2018 01:00,8275.18
17/03/2018 02:00,8130.05
17/03/2018 03:00,8222.68
17/03/2018 04:00,8211.53
17/03/2018 05:00,8213.76
17/03/2018 06:00,8160.01
17/03/2018 07:00,8199
17/03/2018 08:00,8194.67
17/03/2018 09:00,8304.82
17/03/2018 10:00,8279.77
17/03/2018 11:00,8239.28
17/03/2018 12:00,8211.03
17/03/2018 13:00,8050
17/03/2018 14:00,8016.12
17/03/2018 15:00,7990.26
17/03/2018 16:00,7903.98
17/03/2018 17:00,7899.99
17/03/2018 18:00,7919.01
17/03/2018 19:00,7833.89
17/03/2018 20:00,7833.09
17/03/2018 21:00,7851.44
17/03/2018 22:00,7957.31
17/03/2018 23:00,8021.38
18/03/2018 00:00,7860.83
18/03/2018 01:00,7702.49
18/03/2018 02:00,7732.27
18/03/2018 03:00,7641.37
18/03/2018 04:00,7674
18/03/2018 05:00,7592.6
18/03/2018 06:00,7676.72
18/03/2018 07:00,7750.1
18/03/2018 08:00,7683.5
18/03/2018 09:00,7767.1
18/03/2018 10:00,7708.68
18/03/2018 11:00,7599.98
18/03/2018 12:00,7776.74
18/03/2018 13:00,7721.67
18/03/2018 14:00,7617.81
18/03/2018 15:00,7478
18/03/2018 16:00,7378.96
18/03/2018 17:00,7376.26
18/03/2018 18:00,7495.99
18/03/2018 19:00,7440.44
18/03/2018 20:00,7482.83
18/03/2018 21:00,7673.04
18/03/2018 22:00,8250
18/03/2018 23:00,8161.91
19/03/2018 00:00,8205.55
19/03/2018 01:00,8298.79
19/03/2018 02:00,8257.01
19/03/2018 03:00,8198.45
19/03/2018 04:00,8206.43
19/03/2018 05:00,8199.45
19/03/2018 06:00,8324.43
19/03/2018 07:00,8301.17
19/03/2018 08:00,8310
19/03/2018 09:00,8323.74
19/03/2018 10:00,8219.55
19/03/2018 11:00,8235.3
19/03/2018 12:00,8353.1
19/03/2018 13:00,8283.35
19/03/2018 14:00,8560
19/03/2018 15:00,8588.1
19/03/2018 16:00,8579.46
19/03/2018 17:00,8400
19/03/2018 18:00,8334.28
19/03/2018 19:00,8329.28
19/03/2018 20:00,8399.71
19/03/2018 21:00,8424.86
19/03/2018 22:00,8387.25
19/03/2018 23:00,8511.78
20/03/2018 00:00,8596.79
20/03/2018 01:00,8505.92
20/03/2018 02:00,8460
20/03/2018 03:00,8573
20/03/2018 04:00,8603.05
20/03/2018 05:00,8462.99
20/03/2018 06:00,8477.99
20/03/2018 07:00,8494.77
20/03/2018 08:00,8386.81
20/03/2018 09:00,8374.06
20/03/2018 10:00,8449.89
20/03/2018 11:00,8482.13
20/03/2018 12:00,8520
20/03/2018 13:00,8545.01
20/03/2018 14:00,8485.7
20/03/2018 15:00,8513.3
20/03/2018 16:00,8540.07
20/03/2018 17:00,8830.25
20/03/2018 18:00,8859.99
20/03/2018 19:00,8820
20/03/2018 20:00,8941.73
20/03/2018 21:00,8914.66
20/03/2018 22:00,8988
20/03/2018 23:00,8942.04
21/03/2018 00:00,8904.02
21/03/2018 01:00,8960.09
21/03/2018 02:00,8969.38
21/03/2018 03:00,8946.28
21/03/2018 04:00,9022.76
21/03/2018 05:00,9080.78
21/03/2018 06:00,9048.62
21/03/2018 07:00,9070.23
21/03/2018 08:00,8927.69
21/03/2018 09:00,8970.22
21/03/2018 10:00,9059.08
21/03/2018 11:00,9060.61
21/03/2018 12:00,9074.52
21/03/2018 13:00,9022
21/03/2018 14:00,9026.4
21/03/2018 15:00,9065.86
21/03/2018 16:00,9045
21/03/2018 17:00,8882.19
21/03/2018 18:00,8859.01
21/03/2018 19:00,8896.85
21/03/2018 20:00,8892.02
21/03/2018 21:00,8882.9
21/03/2018 22:00,8915
21/03/2018 23:00,8842.16
22/03/2018 00:00,8892.18
22/03/2018 01:00,9030.04
22/03/2018 02:00,9060.19
22/03/2018 03:00,9040.99
22/03/2018 04:00,9021.38
22/03/2018 05:00,9033.84
22/03/2018 06:00,9010.98
22/03/2018 07:00,9010
22/03/2018 08:00,8966.98
22/03/2018 09:00,9000
22/03/2018 10:00,8780
22/03/2018 11:00,8710.05
22/03/2018 12:00,8667.51
22/03/2018 13:00,8723
22/03/2018 14:00,8610.9
22/03/2018 15:00,8503.75
22/03/2018 16:00,8610
22/03/2018 17:00,8621.06
22/03/2018 18:00,8667
22/03/2018 19:00,8662.74
22/03/2018 20:00,8621.03
22/03/2018 21:00,8611.28
22/03/2018 22:00,8599.2
22/03/2018 23:00,8705.56
23/03/2018 00:00,8708.52
23/03/2018 01:00,8650
23/03/2018 02:00,8584.3
23/03/2018 03:00,8430.1
23/03/2018 04:00,8420.97
23/03/2018 05:00,8418.43
23/03/2018 06:00,8417.76
23/03/2018 07:00,8376.47
23/03/2018 08:00,8396.1
23/03/2018 09:00,8482.36
23/03/2018 10:00,8484.63
23/03/2018 11:00,8490.4
23/03/2018 12:00,8516.12
23/03/2018 13:00,8311.06
23/03/2018 14:00,8371.39
23/03/2018 15:00,8581.85
23/03/2018 16:00,8631.62
23/03/2018 17:00,8631.35
23/03/2018 18:00,8620.01
23/03/2018 19:00,8637.48
23/03/2018 20:00,8628.68
23/03/2018 21:00,8617.65
23/03/2018 22:00,8660.5
23/03/2018 23:00,8644.24
24/03/2018 00:00,8917.99
24/03/2018 01:00,8898.58
24/03/2018 02:00,8835.97
24/03/2018 03:00,8887.54
24/03/2018 04:00,8881
24/03/2018 05:00,8944.99
24/03/2018 06:00,8847
24/03/2018 07:00,8894.31
24/03/2018 08:00,8908.15
24/03/2018 09:00,8881.88
24/03/2018 10:00,8888
24/03/2018 11:00,8780.65
24/03/2018 12:00,8744.39
24/03/2018 13:00,8862.66
24/03/2018 14:00,8864.57
24/03/2018 15:00,8974.42
24/03/2018 16:00,8955.28
24/03/2018 17:00,8930.17
24/03/2018 18:00,8898.81
24/03/2018 19:00,8922.98
24/03/2018 20:00,8917.98
24/03/2018 21:00,8937.14
24/03/2018 22:00,8678.54
24/03/2018 23:00,8640.88
25/03/2018 00:00,8541.96
25/03/2018 01:00,8553.99
25/03/2018 02:00,8539.05
25/03/2018 03:00,8488.11
25/03/2018 04:00,8545.98
25/03/2018 05:00,8525.08
25/03/2018 06:00,8519.44
25/03/2018 07:00,8506.84
25/03/2018 08:00,8481.56
25/03/2018 09:00,8535.68
25/03/2018 10:00,8520.86
25/03/2018 11:00,8491.99
25/03/2018 12:00,8440
25/03/2018 13:00,8505
25/03/2018 14:00,8565.99
25/03/2018 15:00,8568.79
25/03/2018 16:00,8477.2
25/03/2018 17:00,8540
25/03/2018 18:00,8539.98
25/03/2018 19:00,8630.83
25/03/2018 20:00,8618.72
25/03/2018 21:00,8604
25/03/2018 22:00,8632.99
25/03/2018 23:00,8440
26/03/2018 00:00,8451.12
26/03/2018 01:00,8374.97
26/03/2018 02:00,8413.36
26/03/2018 03:00,8400
26/03/2018 04:00,8418.84
26/03/2018 05:00,8436.51
26/03/2018 06:00,8456.87
26/03/2018 07:00,8442.29
26/03/2018 08:00,8412.01
26/03/2018 09:00,8385.26
26/03/2018 10:00,8297.36
26/03/2018 11:00,8195
26/03/2018 12:00,8107.61
26/03/2018 13:00,8113.8
26/03/2018 14:00,8101.64
26/03/2018 15:00,8098.4
26/03/2018 16:00,8080
26/03/2018 17:00,8076.51
26/03/2018 18:00,7924.98
26/03/2018 19:00,7904.98
26/03/2018 20:00,7919.99
26/03/2018 21:00,7893.79
26/03/2018 22:00,7887.99
26/03/2018 23:00,8183.25
27/03/2018 00:00,8152.26
27/03/2018 01:00,8182.02
27/03/2018 02:00,8032
27/03/2018 03:00,7844.75
27/03/2018 04:00,7861.56
27/03/2018 05:00,7773.94
27/03/2018 06:00,7925.43
27/03/2018 07:00,7972.43
27/03/2018 08:00,7923.49
27/03/2018 09:00,7949.23
27/03/2018 10:00,7934.87
27/03/2018 11:00,7992.22
27/03/2018 12:00,7934.23
27/03/2018 13:00,7947.28
27/03/2018 14:00,8092.5
27/03/2018 15:00,8059.22
27/03/2018 16:00,8057.89
27/03/2018 17:00,8103.15
27/03/2018 18:00,7910
27/03/2018 19:00,7885.98
27/03/2018 20:00,7902.99
27/03/2018 21:00,7995.02
27/03/2018 22:00,8005.13
27/03/2018 23:00,7970.69
28/03/2018 00:00,7791.69
28/03/2018 01:00,7797.54
28/03/2018 02:00,7819.61
28/03/2018 03:00,7828.99
28/03/2018 04:00,7862.27
28/03/2018 05:00,7830.06
28/03/2018 06:00,7841.02
28/03/2018 07:00,7891.6
28/03/2018 08:00,7875.73
28/03/2018 09:00,7908.21
28/03/2018 10:00,8087.47
28/03/2018 11:00,8039.99
28/03/2018 12:00,8051.61
28/03/2018 13:00,8022.53
28/03/2018 14:00,8033.81
28/03/2018 15:00,7899.16
28/03/2018 16:00,7867.14
28/03/2018 17:00,7883.33
28/03/2018 18:00,7926.99
28/03/2018 19:00,7939.71
28/03/2018 20:00,7905.73
28/03/2018 21:00,7914.08
28/03/2018 22:00,7873
28/03/2018 23:00,7958.74
29/03/2018 00:00,7932.41
29/03/2018 01:00,7944.62
29/03/2018 02:00,7872.12
29/03/2018 03:00,7892.7
29/03/2018 04:00,7863.09
29/03/2018 05:00,7591.52
29/03/2018 06:00,7560.87
29/03/2018 07:00,7618.6
29/03/2018 08:00,7540.1
29/03/2018 09:00,7544.3
29/03/2018 10:00,7515.27
29/03/2018 11:00,7478.2
29/03/2018 12:00,7474.89
29/03/2018 13:00,7490.86
29/03/2018 14:00,7473.88
29/03/2018 15:00,7390.49
29/03/2018 16:00,7483.25
29/03/2018 17:00,7495.29
29/03/2018 18:00,7443.16
29/03/2018 19:00,7442
29/03/2018 20:00,7337.06
29/03/2018 21:00,7100
29/03/2018 22:00,7074.99
29/03/2018 23:00,7171.49
30/03/2018 00:00,7086.14
30/03/2018 01:00,6822.19
30/03/2018 02:00,6889
30/03/2018 03:00,6835.38
30/03/2018 04:00,6856.64
30/03/2018 05:00,6696.67
30/03/2018 06:00,7111.37
30/03/2018 07:00,7040
30/03/2018 08:00,7200
30/03/2018 09:00,7087.92
30/03/2018 10:00,7019.14
30/03/2018 11:00,6895.65
30/03/2018 12:00,7023.91
30/03/2018 13:00,7027.42
30/03/2018 14:00,6882.2
30/03/2018 15:00,6825
30/03/2018 16:00,6787.49
30/03/2018 17:00,6684.3
30/03/2018 18:00,6730.62
30/03/2018 19:00,6746.38
30/03/2018 20:00,6816.75
30/03/2018 21:00,6848.04
30/03/2018 22:00,6908.92
30/03/2018 23:00,6784.9
31/03/2018 00:00,6839.63
31/03/2018 01:00,6985.64
31/03/2018 02:00,7078.16
31/03/2018 03:00,7047.32
31/03/2018 04:00,6967.91
31/03/2018 05:00,7023.78
31/03/2018 06:00,6921.16
31/03/2018 07:00,6815.46
31/03/2018 08:00,6831.07
31/03/2018 09:00,6902.01
31/03/2018 10:00,6997.01
31/03/2018 11:00,7076.08
31/03/2018 12:00,7087.8
31/03/2018 13:00,7181.95
31/03/2018 14:00,7041.55
31/03/2018 15:00,7068.99
31/03/2018 16:00,7042.44
31/03/2018 17:00,7137.61
31/03/2018 18:00,7114.06
31/03/2018 19:00,7024.01
31/03/2018 20:00,7045.11
31/03/2018 21:00,6903.6
31/03/2018 22:00,6934.39
31/03/2018 23:00,6960.97
01/04/2018 00:00,6926.5
01/04/2018 01:00,6982.89
01/04/2018 02:00,7003.17
01/04/2018 03:00,6929.99
01/04/2018 04:00,6928.14
01/04/2018 05:00,6946.99
01/04/2018 06:00,6926.11
01/04/2018 07:00,6851.36
01/04/2018 08:00,6706.28
01/04/2018 09:00,6700
01/04/2018 10:00,6738.27
01/04/2018 11:00,6707.99
01/04/2018 12:00,6684.87
01/04/2018 13:00,6698.71
01/04/2018 14:00,6538.72
01/04/2018 15:00,6500.24
01/04/2018 16:00,6429.36
01/04/2018 17:00,6794.24
01/04/2018 18:00,6830.38
01/04/2018 19:00,6821.86
01/04/2018 20:00,6901.4
01/04/2018 21:00,6899.1
01/04/2018 22:00,6818.64
01/04/2018 23:00,6821.03
02/04/2018 00:00,6816.31
02/04/2018 01:00,7002.97
02/04/2018 02:00,6933.55
02/04/2018 03:00,6967.18
02/04/2018 04:00,6984.69
02/04/2018 05:00,6888.71
02/04/2018 06:00,6890.73
02/04/2018 07:00,6889.77
02/04/2018 08:00,7051.54
02/04/2018 09:00,7060
02/04/2018 10:00,7065.72
02/04/2018 11:00,7062.99
02/04/2018 12:00,7047.67
02/04/2018 13:00,7005.5
02/04/2018 14:00,7009.74
02/04/2018 15:00,6918.19
02/04/2018 16:00,7028.8
02/04/2018 17:00,7005.13
02/04/2018 18:00,6976.3
02/04/2018 19:00,6962.05
02/04/2018 20:00,6977.24
02/04/2018 21:00,6936.75
02/04/2018 22:00,6968.17
02/04/2018 23:00,7024.11
03/04/2018 00:00,7052.75
03/04/2018 01:00,7030.78
03/04/2018 02:00,7032.95
03/04/2018 03:00,7198.98
03/04/2018 04:00,7184.88
03/04/2018 05:00,7363.8
03/04/2018 06:00,7331.28
03/04/2018 07:00,7332.74
03/04/2018 08:00,7394.23
03/04/2018 09:00,7353.35
03/04/2018 10:00,7366.54
03/04/2018 11:00,7313.31
03/04/2018 12:00,7300.01
03/04/2018 13:00,7357.95
03/04/2018 14:00,7332
03/04/2018 15:00,7355.7
03/04/2018 16:00,7382.38
03/04/2018 17:00,7403.71
03/04/2018 18:00,7420
03/04/2018 19:00,7468.14
03/04/2018 20:00,7470
03/04/2018 21:00,7395.14
03/04/2018 22:00,7422.1
03/04/2018 23:00,7395.68
04/04/2018 00:00,7415.53
04/04/2018 01:00,7399.99
04/04/2018 02:00,7333.04
04/04/2018 03:00,7288.45
04/04/2018 04:00,7297.66
04/04/2018 05:00,7312.59
04/04/2018 06:00,7361.07
04/04/2018 07:00,7351.01
04/04/2018 08:00,7311.71
04/04/2018 09:00,7307.73
04/04/2018 10:00,7085.51
04/04/2018 11:00,7087.9
04/04/2018 12:00,7075.95
04/04/2018 13:00,7059.28
04/04/2018 14:00,7075
04/04/2018 15:00,6865.56
04/04/2018 16:00,6779.32
04/04/2018 17:00,6887.74
04/04/2018 18:00,6845.28
04/04/2018 19:00,6833.38
04/04/2018 20:00,6859.5
04/04/2018 21:00,6827.24
04/04/2018 22:00,6821.77
04/04/2018 23:00,6761.32
05/04/2018 00:00,6799.37
05/04/2018 01:00,6697.47
05/04/2018 02:00,6612.01
05/04/2018 03:00,6610.01
05/04/2018 04:00,6779.1
05/04/2018 05:00,6791.12
05/04/2018 06:00,6851.28
05/04/2018 07:00,6750.6
05/04/2018 08:00,6788.42
05/04/2018 09:00,6879.99
05/04/2018 10:00,6853.31
05/04/2018 11:00,6809.47
05/04/2018 12:00,6797.79
05/04/2018 13:00,6675.99
05/04/2018 14:00,6850.32
05/04/2018 15:00,6769.09
05/04/2018 16:00,6750.72
05/04/2018 17:00,6717.7
05/04/2018 18:00,6696.51
05/04/2018 19:00,6707.9
05/04/2018 20:00,6772
05/04/2018 21:00,6759.69
05/04/2018 22:00,6731.1
05/04/2018 23:00,6836.74
06/04/2018 00:00,6771.3
06/04/2018 01:00,6812.5
06/04/2018 02:00,6802.51
06/04/2018 03:00,6778.76
06/04/2018 04:00,6763.61
06/04/2018 05:00,6795.03
06/04/2018 06:00,6760.71
06/04/2018 07:00,6577.9
06/04/2018 08:00,6635.53
06/04/2018 09:00,6609.32
06/04/2018 10:00,6579.92
06/04/2018 11:00,6518.11
06/04/2018 12:00,6622.34
06/04/2018 13:00,6606.03
06/04/2018 14:00,6627
06/04/2018 15:00,6606.8
06/04/2018 16:00,6603.09
06/04/2018 17:00,6618.92
06/04/2018 18:00,6614.99
06/04/2018 19:00,6606.75
06/04/2018 20:00,6619.36
06/04/2018 21:00,6608.29
06/04/2018 22:00,6606.62
06/04/2018 23:00,6547.12
07/04/2018 00:00,6627.7
07/04/2018 01:00,6639.35
07/04/2018 02:00,6849.5
07/04/2018 03:00,6839.32
07/04/2018 04:00,6868.1
07/04/2018 05:00,6852
07/04/2018 06:00,6849.43
07/04/2018 07:00,6864.71
07/04/2018 08:00,6866.02
07/04/2018 09:00,6876.73
07/04/2018 10:00,6858.29
07/04/2018 11:00,6869.2
07/04/2018 12:00,6861.28
07/04/2018 13:00,6876.99
07/04/2018 14:00,6853.3
07/04/2018 15:00,6863.58
07/04/2018 16:00,7004.3
07/04/2018 17:00,7029.43
07/04/2018 18:00,7004.85
07/04/2018 19:00,6996.38
07/04/2018 20:00,6995.6
07/04/2018 21:00,7003.85
07/04/2018 22:00,6981.3
07/04/2018 23:00,6939.66
08/04/2018 00:00,6904.21
08/04/2018 01:00,6969.07
08/04/2018 02:00,6948.17
08/04/2018 03:00,6949.25
08/04/2018 04:00,6964.61
08/04/2018 05:00,6973.58
08/04/2018 06:00,6943.31
08/04/2018 07:00,6917.23
08/04/2018 08:00,6935.31
08/04/2018 09:00,6967.52
08/04/2018 10:00,6982.54
08/04/2018 11:00,6985.8
08/04/2018 12:00,7100
08/04/2018 13:00,7082.85
08/04/2018 14:00,7059.43
08/04/2018 15:00,7025
08/04/2018 16:00,7042.72
08/04/2018 17:00,6983.95
08/04/2018 18:00,7000.9
08/04/2018 19:00,6989.69
08/04/2018 20:00,6991.31
08/04/2018 21:00,6952.82
08/04/2018 22:00,7005.12
08/04/2018 23:00,7033.12
09/04/2018 00:00,7027.26
09/04/2018 01:00,7051.62
09/04/2018 02:00,7112.81
09/04/2018 03:00,7110.04
09/04/2018 04:00,7127.85
09/04/2018 05:00,7130.01
09/04/2018 06:00,7105.78
09/04/2018 07:00,7122.39
09/04/2018 08:00,7125.55
09/04/2018 09:00,7164.99
09/04/2018 10:00,7080
09/04/2018 11:00,6781
09/04/2018 12:00,6751.47
09/04/2018 13:00,6753.23
09/04/2018 14:00,6724.3
09/04/2018 15:00,6741.59
09/04/2018 16:00,6728.77
09/04/2018 17:00,6742.67
09/04/2018 18:00,6728.33
09/04/2018 19:00,6741.04
09/04/2018 20:00,6667.09
09/04/2018 21:00,6661.99
09/04/2018 22:00,6710.32
09/04/2018 23:00,6693.25
10/04/2018 00:00,6782.39
10/04/2018 01:00,6769.8
10/04/2018 02:00,6729.39
10/04/2018 03:00,6736
10/04/2018 04:00,6789.61
10/04/2018 05:00,6754.56
10/04/2018 06:00,6754.23
10/04/2018 07:00,6717.78
10/04/2018 08:00,6723.5
10/04/2018 09:00,6738.17
10/04/2018 10:00,6771.1
10/04/2018 11:00,6726.46
10/04/2018 12:00,6744.02
10/04/2018 13:00,6760
10/04/2018 14:00,6753.61
10/04/2018 15:00,6760.99
10/04/2018 16:00,6821.48
10/04/2018 17:00,6836.1
10/04/2018 18:00,6854.77
10/04/2018 19:00,6842.5
10/04/2018 20:00,6848.29
10/04/2018 21:00,6853.64
10/04/2018 22:00,6860.77
10/04/2018 23:00,6795.71
11/04/2018 00:00,6824.75
11/04/2018 01:00,6853.7
11/04/2018 02:00,6836
11/04/2018 03:00,6844.2
11/04/2018 04:00,6830.72
11/04/2018 05:00,6839.99
11/04/2018 06:00,6823.69
11/04/2018 07:00,6851.64
11/04/2018 08:00,6844.2
11/04/2018 09:00,6871
11/04/2018 10:00,6854.12
11/04/2018 11:00,6836.8
11/04/2018 12:00,6860.79
11/04/2018 13:00,6850.24
11/04/2018 14:00,6935.99
11/04/2018 15:00,6937.4
11/04/2018 16:00,6940
11/04/2018 17:00,6924.99
11/04/2018 18:00,6905.4
11/04/2018 19:00,6909.01
11/04/2018 20:00,6912
11/04/2018 21:00,6889.01
11/04/2018 22:00,6904
11/04/2018 23:00,6929.92
12/04/2018 00:00,6940.94
12/04/2018 01:00,6934.61
12/04/2018 02:00,6926.32
12/04/2018 03:00,6940
12/04/2018 04:00,6944.99
12/04/2018 05:00,6967.86
12/04/2018 06:00,6944.5
12/04/2018 07:00,6794
12/04/2018 08:00,6834.17
12/04/2018 09:00,6838
12/04/2018 10:00,6845.83
12/04/2018 11:00,6935.9
12/04/2018 12:00,7725.78
12/04/2018 13:00,7699.76
12/04/2018 14:00,7693.76
12/04/2018 15:00,7655.8
12/04/2018 16:00,7626.76
12/04/2018 17:00,7635.1
12/04/2018 18:00,7690
12/04/2018 19:00,7685.08
12/04/2018 20:00,7684.27
12/04/2018 21:00,7734.8
12/04/2018 22:00,7835
12/04/2018 23:00,7870
13/04/2018 00:00,7923.78
13/04/2018 01:00,7898.59
13/04/2018 02:00,7791.66
13/04/2018 03:00,7874.02
13/04/2018 04:00,7818.23
13/04/2018 05:00,7820.69
13/04/2018 06:00,7797.92
13/04/2018 07:00,7820.62
13/04/2018 08:00,8094.98
13/04/2018 09:00,8121.19
13/04/2018 10:00,8050
13/04/2018 11:00,8070.68
13/04/2018 12:00,8095.1
13/04/2018 13:00,8193.5
13/04/2018 14:00,8105.3
13/04/2018 15:00,8120
13/04/2018 16:00,8140.94
13/04/2018 17:00,8132
13/04/2018 18:00,8124.59
13/04/2018 19:00,8118
13/04/2018 20:00,8094.1
13/04/2018 21:00,7910
13/04/2018 22:00,7886.5
13/04/2018 23:00,7911
14/04/2018 00:00,7885.9
14/04/2018 01:00,7925
14/04/2018 02:00,8049.25
14/04/2018 03:00,8033.62
14/04/2018 04:00,8046.92
14/04/2018 05:00,7987.7
14/04/2018 06:00,7965.39
14/04/2018 07:00,8021.01
14/04/2018 08:00,8142.98
14/04/2018 09:00,8121.94
14/04/2018 10:00,8042.67
14/04/2018 11:00,7960
14/04/2018 12:00,7983.29
14/04/2018 13:00,7916.28
14/04/2018 14:00,7983.99
14/04/2018 15:00,7992.33
14/04/2018 16:00,7968.81
14/04/2018 17:00,8010.21
14/04/2018 18:00,7981.63
14/04/2018 19:00,8039.63
14/04/2018 20:00,8023.87
14/04/2018 21:00,8076.99
14/04/2018 22:00,8046.18
14/04/2018 23:00,8053.48
15/04/2018 00:00,8003.39
15/04/2018 01:00,8068.86
15/04/2018 02:00,8102.37
15/04/2018 03:00,8082.95
15/04/2018 04:00,8076.49
15/04/2018 05:00,8101.61
15/04/2018 06:00,8122.94
15/04/2018 07:00,8113.15
15/04/2018 08:00,8073.93
15/04/2018 09:00,8129.99
15/04/2018 10:00,8118.99
15/04/2018 11:00,8118.45
15/04/2018 12:00,8329.01
15/04/2018 13:00,8343.47
15/04/2018 14:00,8350
15/04/2018 15:00,8331.55
15/04/2018 16:00,8276.4
15/04/2018 17:00,8282.69
15/04/2018 18:00,8294.59
15/04/2018 19:00,8315.73
15/04/2018 20:00,8305.23
15/04/2018 21:00,8279.99