"Date","Close Price"
"2015-04-15 00:00:00",223.57
"2015-04-16 00:00:00",228.11
"2015-04-17 00:00:00",222.23
"2015-04-18 00:00:00",222.84
"2015-04-19 00:00:00",221.69
"2015-04-20 00:00:00",224.31
"2015-04-21 00:00:00",235.81
"2015-04-22 00:00:00",233.92
"2015-04-23 00:00:00",235.56
"2015-04-24 00:00:00",230.79
"2015-04-25 00:00:00",225.85
"2015-04-26 00:00:00",218.81
"2015-04-27 00:00:00",228.5
"2015-04-28 00:00:00",225.68
"2015-04-29 00:00:00",225.98
"2015-04-30 00:00:00",236.57
"2015-05-01 00:00:00",232.12
"2015-05-02 00:00:00",234.9
"2015-05-03 00:00:00",240.12
"2015-05-04 00:00:00",238.77
"2015-05-05 00:00:00",236.55
"2015-05-06 00:00:00",230.05
"2015-05-07 00:00:00",237.78
"2015-05-08 00:00:00",243.39
"2015-05-09 00:00:00",240.48
"2015-05-10 00:00:00",239.63
"2015-05-11 00:00:00",241.85
"2015-05-12 00:00:00",240.99
"2015-05-13 00:00:00",235.8
"2015-05-14 00:00:00",236.74
"2015-05-15 00:00:00",237.31
"2015-05-16 00:00:00",235.73
"2015-05-17 00:00:00",236.1
"2015-05-18 00:00:00",232.87
"2015-05-19 00:00:00",231.94
"2015-05-20 00:00:00",234.25
"2015-05-21 00:00:00",235.3
"2015-05-22 00:00:00",240.52
"2015-05-23 00:00:00",239.03
"2015-05-24 00:00:00",241.19
"2015-05-25 00:00:00",237.49
"2015-05-26 00:00:00",237.33
"2015-05-27 00:00:00",237.18
"2015-05-28 00:00:00",237.47
"2015-05-29 00:00:00",237.1
"2015-05-30 00:00:00",233.29
"2015-05-31 00:00:00",230
"2015-06-01 00:00:00",223.31
"2015-06-02 00:00:00",225.75
"2015-06-03 00:00:00",225.65
"2015-06-04 00:00:00",224.37
"2015-06-05 00:00:00",225.04
"2015-06-06 00:00:00",225.68
"2015-06-07 00:00:00",223.39
"2015-06-08 00:00:00",228.65
"2015-06-09 00:00:00",229.33
"2015-06-10 00:00:00",228.95
"2015-06-11 00:00:00",230.02
"2015-06-12 00:00:00",230.2
"2015-06-13 00:00:00",232.75
"2015-06-14 00:00:00",233.85
"2015-06-15 00:00:00",237.31
"2015-06-16 00:00:00",250.9
"2015-06-17 00:00:00",249.17
"2015-06-18 00:00:00",248.87
"2015-06-19 00:00:00",243.55
"2015-06-20 00:00:00",245.26
"2015-06-21 00:00:00",244.01
"2015-06-22 00:00:00",246.77
"2015-06-23 00:00:00",243.99
"2015-06-24 00:00:00",240.22
"2015-06-25 00:00:00",242.42
"2015-06-26 00:00:00",242.64
"2015-06-27 00:00:00",250.71
"2015-06-28 00:00:00",248.07
"2015-06-29 00:00:00",256.49
"2015-06-30 00:00:00",262.48
"2015-07-01 00:00:00",257.66
"2015-07-02 00:00:00",254.35
"2015-07-03 00:00:00",255.6
"2015-07-04 00:00:00",260.35
"2015-07-05 00:00:00",271.02
"2015-07-06 00:00:00",268.49
"2015-07-07 00:00:00",264.96
"2015-07-08 00:00:00",269.65
"2015-07-09 00:00:00",268.11
"2015-07-10 00:00:00",283.88
"2015-07-11 00:00:00",291.69
"2015-07-12 00:00:00",309.98
"2015-07-13 00:00:00",290.88
"2015-07-14 00:00:00",286.19
"2015-07-15 00:00:00",283.82
"2015-07-16 00:00:00",277.83
"2015-07-17 00:00:00",278.49
"2015-07-18 00:00:00",274.49
"2015-07-19 00:00:00",272.49
"2015-07-20 00:00:00",278.41
"2015-07-21 00:00:00",275.1
"2015-07-22 00:00:00",276.62
"2015-07-23 00:00:00",275.63
"2015-07-24 00:00:00",287.97
"2015-07-25 00:00:00",288.13
"2015-07-26 00:00:00",291.64
"2015-07-27 00:00:00",292.73
"2015-07-28 00:00:00",293.79
"2015-07-29 00:00:00",288.77
"2015-07-30 00:00:00",287.29
"2015-07-31 00:00:00",283.94
"2015-08-01 00:00:00",280.04
"2015-08-02 00:00:00",281.65
"2015-08-03 00:00:00",280.48
"2015-08-04 00:00:00",284.5
"2015-08-05 00:00:00",281.38
"2015-08-06 00:00:00",278.25
"2015-08-07 00:00:00",279.03
"2015-08-08 00:00:00",260.2
"2015-08-09 00:00:00",264.44
"2015-08-10 00:00:00",263.76
"2015-08-11 00:00:00",270.92
"2015-08-12 00:00:00",265.64
"2015-08-13 00:00:00",263.34
"2015-08-14 00:00:00",264.87
"2015-08-15 00:00:00",260.73
"2015-08-16 00:00:00",257.67
"2015-08-17 00:00:00",256.98
"2015-08-18 00:00:00",219
"2015-08-19 00:00:00",225.39
"2015-08-20 00:00:00",234.69
"2015-08-21 00:00:00",231.94
"2015-08-22 00:00:00",229.74
"2015-08-23 00:00:00",227.59
"2015-08-24 00:00:00",209.13
"2015-08-25 00:00:00",221.71
"2015-08-26 00:00:00",225.38
"2015-08-27 00:00:00",224.26
"2015-08-28 00:00:00",230.98
"2015-08-29 00:00:00",229.76
"2015-08-30 00:00:00",228.61
"2015-08-31 00:00:00",230.02
"2015-09-01 00:00:00",227.35
"2015-09-02 00:00:00",228.86
"2015-09-03 00:00:00",226.76
"2015-09-04 00:00:00",230.09
"2015-09-05 00:00:00",234.68
"2015-09-06 00:00:00",239.44
"2015-09-07 00:00:00",240.02
"2015-09-08 00:00:00",243.55
"2015-09-09 00:00:00",238.29
"2015-09-10 00:00:00",238.59
"2015-09-11 00:00:00",240.08
"2015-09-12 00:00:00",234.82
"2015-09-13 00:00:00",230.33
"2015-09-14 00:00:00",230.24
"2015-09-15 00:00:00",229.92
"2015-09-16 00:00:00",228.8
"2015-09-17 00:00:00",232.79
"2015-09-18 00:00:00",232.72
"2015-09-19 00:00:00",231.24
"2015-09-20 00:00:00",230.86
"2015-09-21 00:00:00",226.61
"2015-09-22 00:00:00",230.52
"2015-09-23 00:00:00",229.96
"2015-09-24 00:00:00",234.28
"2015-09-25 00:00:00",234.84
"2015-09-26 00:00:00",234.21
"2015-09-27 00:00:00",232.85
"2015-09-28 00:00:00",239.34
"2015-09-29 00:00:00",236.62
"2015-09-30 00:00:00",236.25
"2015-10-01 00:00:00",237.57
"2015-10-02 00:00:00",237.4
"2015-10-03 00:00:00",239.09
"2015-10-04 00:00:00",238.69
"2015-10-05 00:00:00",240.59
"2015-10-06 00:00:00",246.42
"2015-10-07 00:00:00",243.27
"2015-10-08 00:00:00",242.69
"2015-10-09 00:00:00",244.32
"2015-10-10 00:00:00",245.33
"2015-10-11 00:00:00",247.53
"2015-10-12 00:00:00",245.59
"2015-10-13 00:00:00",249.94
"2015-10-14 00:00:00",252.59
"2015-10-15 00:00:00",254.81
"2015-10-16 00:00:00",262.94
"2015-10-17 00:00:00",271.2
"2015-10-18 00:00:00",262.9
"2015-10-19 00:00:00",264.42
"2015-10-20 00:00:00",270.22
"2015-10-21 00:00:00",267.33
"2015-10-22 00:00:00",274.41
"2015-10-23 00:00:00",277.46
"2015-10-24 00:00:00",282.66
"2015-10-25 00:00:00",283.07
"2015-10-26 00:00:00",286.13
"2015-10-27 00:00:00",294.4
"2015-10-28 00:00:00",303.89
"2015-10-29 00:00:00",313.59
"2015-10-30 00:00:00",326
"2015-10-31 00:00:00",312.43
"2015-11-01 00:00:00",325.08
"2015-11-02 00:00:00",359.35
"2015-11-03 00:00:00",400.71
"2015-11-04 00:00:00",408.74
"2015-11-05 00:00:00",387.51
"2015-11-06 00:00:00",374.95
"2015-11-07 00:00:00",384.8
"2015-11-08 00:00:00",373.49
"2015-11-09 00:00:00",380.04
"2015-11-10 00:00:00",337.93
"2015-11-11 00:00:00",312.58
"2015-11-12 00:00:00",336.86
"2015-11-13 00:00:00",337.29
"2015-11-14 00:00:00",333.55
"2015-11-15 00:00:00",319.93
"2015-11-16 00:00:00",331.59
"2015-11-17 00:00:00",335.77
"2015-11-18 00:00:00",334.97
"2015-11-19 00:00:00",326.31
"2015-11-20 00:00:00",321.99
"2015-11-21 00:00:00",327.17
"2015-11-22 00:00:00",324.34
"2015-11-23 00:00:00",323.26
"2015-11-24 00:00:00",320.16
"2015-11-25 00:00:00",328.98
"2015-11-26 00:00:00",353.3
"2015-11-27 00:00:00",358.18
"2015-11-28 00:00:00",357.66
"2015-11-29 00:00:00",371.86
"2015-11-30 00:00:00",376.91
"2015-12-01 00:00:00",362.73
"2015-12-02 00:00:00",359.43
"2015-12-03 00:00:00",361.31
"2015-12-04 00:00:00",363.48
"2015-12-05 00:00:00",388.86
"2015-12-06 00:00:00",388.46
"2015-12-07 00:00:00",395.86
"2015-12-08 00:00:00",418.14
"2015-12-09 00:00:00",418.04
"2015-12-10 00:00:00",415.25
"2015-12-11 00:00:00",453.9
"2015-12-12 00:00:00",435.9
"2015-12-13 00:00:00",433.54
"2015-12-14 00:00:00",443.84
"2015-12-15 00:00:00",465.5
"2015-12-16 00:00:00",455.37
"2015-12-17 00:00:00",455.99
"2015-12-18 00:00:00",463.84
"2015-12-19 00:00:00",462.23
"2015-12-20 00:00:00",442.5
"2015-12-21 00:00:00",437.76
"2015-12-22 00:00:00",435.5
"2015-12-23 00:00:00",442.84
"2015-12-24 00:00:00",454.85
"2015-12-25 00:00:00",455.31
"2015-12-26 00:00:00",417.22
"2015-12-27 00:00:00",422.52
"2015-12-28 00:00:00",421.26
"2015-12-29 00:00:00",432.62
"2015-12-30 00:00:00",426.14
"2015-12-31 00:00:00",430.05
"2016-01-01 00:00:00",434.46
"2016-01-02 00:00:00",433.59
"2016-01-03 00:00:00",430.36
"2016-01-04 00:00:00",433.49
"2016-01-05 00:00:00",432.25
"2016-01-06 00:00:00",429.46
"2016-01-07 00:00:00",458.28
"2016-01-08 00:00:00",453.37
"2016-01-09 00:00:00",449.14
"2016-01-10 00:00:00",448.96
"2016-01-11 00:00:00",448.38
"2016-01-12 00:00:00",432.88
"2016-01-13 00:00:00",432.04
"2016-01-14 00:00:00",429.73
"2016-01-15 00:00:00",358.77
"2016-01-16 00:00:00",387.66
"2016-01-17 00:00:00",380.21
"2016-01-18 00:00:00",385.84
"2016-01-19 00:00:00",377.74
"2016-01-20 00:00:00",418.74
"2016-01-21 00:00:00",409.94
"2016-01-22 00:00:00",381.76
"2016-01-23 00:00:00",386.19
"2016-01-24 00:00:00",402.61
"2016-01-25 00:00:00",390.66
"2016-01-26 00:00:00",391.43
"2016-01-27 00:00:00",394.63
"2016-01-28 00:00:00",379.38
"2016-01-29 00:00:00",378.2
"2016-01-30 00:00:00",376.94
"2016-01-31 00:00:00",367.13
"2016-02-01 00:00:00",371.25
"2016-02-02 00:00:00",372.88
"2016-02-03 00:00:00",368.93
"2016-02-04 00:00:00",388.61
"2016-02-05 00:00:00",385.34
"2016-02-06 00:00:00",375.4
"2016-02-07 00:00:00",375.28
"2016-02-08 00:00:00",371.1
"2016-02-09 00:00:00",373.32
"2016-02-10 00:00:00",379.96
"2016-02-11 00:00:00",377.72
"2016-02-12 00:00:00",383.13
"2016-02-13 00:00:00",392.18
"2016-02-14 00:00:00",406.74
"2016-02-15 00:00:00",399.48
"2016-02-16 00:00:00",407.36
"2016-02-17 00:00:00",415.56
"2016-02-18 00:00:00",421.64
"2016-02-19 00:00:00",420.33
"2016-02-20 00:00:00",436.52
"2016-02-21 00:00:00",438.98
"2016-02-22 00:00:00",438.07
"2016-02-23 00:00:00",419.98
"2016-02-24 00:00:00",424.36
"2016-02-25 00:00:00",423.52
"2016-02-26 00:00:00",432.06
"2016-02-27 00:00:00",432.14
"2016-02-28 00:00:00",432.64
"2016-02-29 00:00:00",436.61
"2016-03-01 00:00:00",433.64
"2016-03-02 00:00:00",421.6
"2016-03-03 00:00:00",419.47
"2016-03-04 00:00:00",407.98
"2016-03-05 00:00:00",397.83
"2016-03-06 00:00:00",404.55
"2016-03-07 00:00:00",412.98
"2016-03-08 00:00:00",411.76
"2016-03-09 00:00:00",412.62
"2016-03-10 00:00:00",416.16
"2016-03-11 00:00:00",419.89
"2016-03-12 00:00:00",410.13
"2016-03-13 00:00:00",412.29
"2016-03-14 00:00:00",415.09
"2016-03-15 00:00:00",415.38
"2016-03-16 00:00:00",416.25
"2016-03-17 00:00:00",418.45
"2016-03-18 00:00:00",408.04
"2016-03-19 00:00:00",408.52
"2016-03-20 00:00:00",410.75
"2016-03-21 00:00:00",411.42
"2016-03-22 00:00:00",416.93
"2016-03-23 00:00:00",417.39
"2016-03-24 00:00:00",414.34
"2016-03-25 00:00:00",415.69
"2016-03-26 00:00:00",416.73
"2016-03-27 00:00:00",425.38
"2016-03-28 00:00:00",422.76
"2016-03-29 00:00:00",415.55
"2016-03-30 00:00:00",412.69
"2016-03-31 00:00:00",415.16
"2016-04-01 00:00:00",417.01
"2016-04-02 00:00:00",419.69
"2016-04-03 00:00:00",419.38
"2016-04-04 00:00:00",419.42
"2016-04-05 00:00:00",422.65
"2016-04-06 00:00:00",421.7
"2016-04-07 00:00:00",421.2
"2016-04-08 00:00:00",418.09
"2016-04-09 00:00:00",418.42
"2016-04-10 00:00:00",421.11
"2016-04-11 00:00:00",422.99
"2016-04-12 00:00:00",425.99
"2016-04-13 00:00:00",424.4
"2016-04-14 00:00:00",425.11
"2016-04-15 00:00:00",429.98
"2016-04-16 00:00:00",430.84
"2016-04-17 00:00:00",427.86
"2016-04-18 00:00:00",429.05
"2016-04-19 00:00:00",436.1
"2016-04-20 00:00:00",442.16
"2016-04-21 00:00:00",451.1
"2016-04-22 00:00:00",447.64
"2016-04-23 00:00:00",452.58
"2016-04-24 00:00:00",460.33
"2016-04-25 00:00:00",462.51
"2016-04-26 00:00:00",467.8
"2016-04-27 00:00:00",445.01
"2016-04-28 00:00:00",449.86
"2016-04-29 00:00:00",456.35
"2016-04-30 00:00:00",449.33
"2016-05-01 00:00:00",453.04
"2016-05-02 00:00:00",444.51
"2016-05-03 00:00:00",450.27
"2016-05-04 00:00:00",446.96
"2016-05-05 00:00:00",448.53
"2016-05-06 00:00:00",460.37
"2016-05-07 00:00:00",459.46
"2016-05-08 00:00:00",459.44
"2016-05-09 00:00:00",461.49
"2016-05-10 00:00:00",450.99
"2016-05-11 00:00:00",452.11
"2016-05-12 00:00:00",454.82
"2016-05-13 00:00:00",455.73
"2016-05-14 00:00:00",455.75
"2016-05-15 00:00:00",457.85
"2016-05-16 00:00:00",453.41
"2016-05-17 00:00:00",452.75
"2016-05-18 00:00:00",453.38
"2016-05-19 00:00:00",436.73
"2016-05-20 00:00:00",442.95
"2016-05-21 00:00:00",443.13
"2016-05-22 00:00:00",438.77
"2016-05-23 00:00:00",443.73
"2016-05-24 00:00:00",445.13
"2016-05-25 00:00:00",449.23
"2016-05-26 00:00:00",453.82
"2016-05-27 00:00:00",473.47
"2016-05-28 00:00:00",525.43
"2016-05-29 00:00:00",524.08
"2016-05-30 00:00:00",532.59
"2016-05-31 00:00:00",531.8
"2016-06-01 00:00:00",536.42
"2016-06-02 00:00:00",538.14
"2016-06-03 00:00:00",570.47
"2016-06-04 00:00:00",573.45
"2016-06-05 00:00:00",574.11
"2016-06-06 00:00:00",585.53
"2016-06-07 00:00:00",577.86
"2016-06-08 00:00:00",583.1
"2016-06-09 00:00:00",576.45
"2016-06-10 00:00:00",579.13
"2016-06-11 00:00:00",611.78
"2016-06-12 00:00:00",675.34
"2016-06-13 00:00:00",705.62
"2016-06-14 00:00:00",685.99
"2016-06-15 00:00:00",696.32
"2016-06-16 00:00:00",768.24
"2016-06-17 00:00:00",747.55
"2016-06-18 00:00:00",755.68
"2016-06-19 00:00:00",764.04
"2016-06-20 00:00:00",727.95
"2016-06-21 00:00:00",665.88
"2016-06-22 00:00:00",602.89
"2016-06-23 00:00:00",625.49
"2016-06-24 00:00:00",665.16
"2016-06-25 00:00:00",665.33
"2016-06-26 00:00:00",630.25
"2016-06-27 00:00:00",658.4
"2016-06-28 00:00:00",646.3
"2016-06-29 00:00:00",639.08
"2016-06-30 00:00:00",672.48
"2016-07-01 00:00:00",676.52
"2016-07-02 00:00:00",703.69
"2016-07-03 00:00:00",659.69
"2016-07-04 00:00:00",681.63
"2016-07-05 00:00:00",668.09
"2016-07-06 00:00:00",676.11
"2016-07-07 00:00:00",639.76
"2016-07-08 00:00:00",664.74
"2016-07-09 00:00:00",650.63
"2016-07-10 00:00:00",649.96
"2016-07-11 00:00:00",649.03
"2016-07-12 00:00:00",664.84
"2016-07-13 00:00:00",653.93
"2016-07-14 00:00:00",659.64
"2016-07-15 00:00:00",664.88
"2016-07-16 00:00:00",663.54
"2016-07-17 00:00:00",679.05
"2016-07-18 00:00:00",673.59
"2016-07-19 00:00:00",673.84
"2016-07-20 00:00:00",666.18
"2016-07-21 00:00:00",665.1
"2016-07-22 00:00:00",650.82
"2016-07-23 00:00:00",654.86
"2016-07-24 00:00:00",661.05
"2016-07-25 00:00:00",655.13
"2016-07-26 00:00:00",651.08
"2016-07-27 00:00:00",655.44
"2016-07-28 00:00:00",655.63
"2016-07-29 00:00:00",656.67
"2016-07-30 00:00:00",654.98
"2016-07-31 00:00:00",625.88
"2016-08-01 00:00:00",607.37
"2016-08-02 00:00:00",552.82
"2016-08-03 00:00:00",565.26
"2016-08-04 00:00:00",578.32
"2016-08-05 00:00:00",574.96
"2016-08-06 00:00:00",588.42
"2016-08-07 00:00:00",592.78
"2016-08-08 00:00:00",590.62
"2016-08-09 00:00:00",584.76
"2016-08-10 00:00:00",592.89
"2016-08-11 00:00:00",586.52
"2016-08-12 00:00:00",586.03
"2016-08-13 00:00:00",585.08
"2016-08-14 00:00:00",571.44
"2016-08-15 00:00:00",567.2
"2016-08-16 00:00:00",576.25
"2016-08-17 00:00:00",571.74
"2016-08-18 00:00:00",572.5
"2016-08-19 00:00:00",573.66
"2016-08-20 00:00:00",580.7
"2016-08-21 00:00:00",580.69
"2016-08-22 00:00:00",584.73
"2016-08-23 00:00:00",581.28
"2016-08-24 00:00:00",577.99
"2016-08-25 00:00:00",575.73
"2016-08-26 00:00:00",578.16
"2016-08-27 00:00:00",568.67
"2016-08-28 00:00:00",573.55
"2016-08-29 00:00:00",572.36
"2016-08-30 00:00:00",576
"2016-08-31 00:00:00",572.33
"2016-09-01 00:00:00",571.69
"2016-09-02 00:00:00",574.15
"2016-09-03 00:00:00",598.38
"2016-09-04 00:00:00",608.92
"2016-09-05 00:00:00",606.03
"2016-09-06 00:00:00",611.07
"2016-09-07 00:00:00",614.79
"2016-09-08 00:00:00",624.95
"2016-09-09 00:00:00",621.8
"2016-09-10 00:00:00",622.21
"2016-09-11 00:00:00",605.81
"2016-09-12 00:00:00",606.31
"2016-09-13 00:00:00",606.92
"2016-09-14 00:00:00",608.22
"2016-09-15 00:00:00",605.21
"2016-09-16 00:00:00",606.33
"2016-09-17 00:00:00",605.29
"2016-09-18 00:00:00",608.7
"2016-09-19 00:00:00",608.53
"2016-09-20 00:00:00",599.47
"2016-09-21 00:00:00",595.8
"2016-09-22 00:00:00",595.03
"2016-09-23 00:00:00",601.71
"2016-09-24 00:00:00",601.34
"2016-09-25 00:00:00",599.18
"2016-09-26 00:00:00",606.81
"2016-09-27 00:00:00",604.76
"2016-09-28 00:00:00",603.52
"2016-09-29 00:00:00",605.06
"2016-09-30 00:00:00",608.44
"2016-10-01 00:00:00",613.93
"2016-10-02 00:00:00",610.29
"2016-10-03 00:00:00",612.34
"2016-10-04 00:00:00",609.37
"2016-10-05 00:00:00",610.88
"2016-10-06 00:00:00",610.9
"2016-10-07 00:00:00",616.49
"2016-10-08 00:00:00",616.6
"2016-10-09 00:00:00",614.62
"2016-10-10 00:00:00",617.42
"2016-10-11 00:00:00",639.37
"2016-10-12 00:00:00",635.08
"2016-10-13 00:00:00",635.02
"2016-10-14 00:00:00",638.37
"2016-10-15 00:00:00",637.37
"2016-10-16 00:00:00",639.83
"2016-10-17 00:00:00",636.92
"2016-10-18 00:00:00",635.51
"2016-10-19 00:00:00",628.15
"2016-10-20 00:00:00",628.62
"2016-10-21 00:00:00",630.15
"2016-10-22 00:00:00",652.71
"2016-10-23 00:00:00",649.24
"2016-10-24 00:00:00",648.4
"2016-10-25 00:00:00",652.89
"2016-10-26 00:00:00",674.36
"2016-10-27 00:00:00",686.52
"2016-10-28 00:00:00",688.1
"2016-10-29 00:00:00",712.87
"2016-10-30 00:00:00",696.35
"2016-10-31 00:00:00",697.37
"2016-11-01 00:00:00",729.27
"2016-11-02 00:00:00",742.46
"2016-11-03 00:00:00",687.51
"2016-11-04 00:00:00",702.54
"2016-11-05 00:00:00",704.16
"2016-11-06 00:00:00",712.24
"2016-11-07 00:00:00",704.02
"2016-11-08 00:00:00",709.15
"2016-11-09 00:00:00",721.19
"2016-11-10 00:00:00",713.67
"2016-11-11 00:00:00",716.56
"2016-11-12 00:00:00",703.55
"2016-11-13 00:00:00",702.5
"2016-11-14 00:00:00",706.39
"2016-11-15 00:00:00",711.96
"2016-11-16 00:00:00",742.07
"2016-11-17 00:00:00",735.41
"2016-11-18 00:00:00",749.68
"2016-11-19 00:00:00",750.63
"2016-11-20 00:00:00",728.61
"2016-11-21 00:00:00",736.72
"2016-11-22 00:00:00",748.22
"2016-11-23 00:00:00",741.6
"2016-11-24 00:00:00",736.4
"2016-11-25 00:00:00",738.28
"2016-11-26 00:00:00",732.82
"2016-11-27 00:00:00",728.42
"2016-11-28 00:00:00",731.75
"2016-11-29 00:00:00",731.76
"2016-11-30 00:00:00",742.01
"2016-12-01 00:00:00",753.25
"2016-12-02 00:00:00",771.41
"2016-12-03 00:00:00",764.97
"2016-12-04 00:00:00",766.46
"2016-12-05 00:00:00",750.71
"2016-12-06 00:00:00",758.81
"2016-12-07 00:00:00",763.9
"2016-12-08 00:00:00",766.75
"2016-12-09 00:00:00",770.41
"2016-12-10 00:00:00",773.21
"2016-12-11 00:00:00",768.62
"2016-12-12 00:00:00",777.91
"2016-12-13 00:00:00",775.25
"2016-12-14 00:00:00",776.64
"2016-12-15 00:00:00",775.48
"2016-12-16 00:00:00",780.85
"2016-12-17 00:00:00",788.58
"2016-12-18 00:00:00",788.59
"2016-12-19 00:00:00",790.16
"2016-12-20 00:00:00",798.78
"2016-12-21 00:00:00",833.1
"2016-12-22 00:00:00",858.74
"2016-12-23 00:00:00",916.79
"2016-12-24 00:00:00",894.2
"2016-12-25 00:00:00",894.48
"2016-12-26 00:00:00",902.55
"2016-12-27 00:00:00",931.11
"2016-12-28 00:00:00",978.01
"2016-12-29 00:00:00",969.62
"2016-12-30 00:00:00",960.47
"2016-12-31 00:00:00",968.23
"2017-01-01 00:00:00",997.69
"2017-01-02 00:00:00",1018.05
"2017-01-03 00:00:00",1030.82
"2017-01-04 00:00:00",1129.87
"2017-01-05 00:00:00",1005.81
"2017-01-06 00:00:00",895.67
"2017-01-07 00:00:00",905.17
"2017-01-08 00:00:00",913.52
"2017-01-09 00:00:00",899.35
"2017-01-10 00:00:00",904.79
"2017-01-11 00:00:00",775.98
"2017-01-12 00:00:00",802.83
"2017-01-13 00:00:00",826.12
"2017-01-14 00:00:00",818.64
"2017-01-15 00:00:00",822.42
"2017-01-16 00:00:00",830.26
"2017-01-17 00:00:00",904.45
"2017-01-18 00:00:00",884.25
"2017-01-19 00:00:00",898.02
"2017-01-20 00:00:00",891.62
"2017-01-21 00:00:00",920.01
"2017-01-22 00:00:00",925.33
"2017-01-23 00:00:00",912.69
"2017-01-24 00:00:00",885.65
"2017-01-25 00:00:00",894.11
"2017-01-26 00:00:00",915.1
"2017-01-27 00:00:00",918.56
"2017-01-28 00:00:00",920.28
"2017-01-29 00:00:00",914.04
"2017-01-30 00:00:00",920.24
"2017-01-31 00:00:00",967.67
"2017-02-01 00:00:00",987.35
"2017-02-02 00:00:00",1007.79
"2017-02-03 00:00:00",1018.11
"2017-02-04 00:00:00",1033.65
"2017-02-05 00:00:00",1013.99
"2017-02-06 00:00:00",1024.61
"2017-02-07 00:00:00",1052.54
"2017-02-08 00:00:00",1054.34
"2017-02-09 00:00:00",988.95
"2017-02-10 00:00:00",993.08
"2017-02-11 00:00:00",1010
"2017-02-12 00:00:00",999.51
"2017-02-13 00:00:00",996.86
"2017-02-14 00:00:00",1009.25
"2017-02-15 00:00:00",1009.12
"2017-02-16 00:00:00",1034.08
"2017-02-17 00:00:00",1053.12
"2017-02-18 00:00:00",1058.41
"2017-02-19 00:00:00",1052.82
"2017-02-20 00:00:00",1083.24
"2017-02-21 00:00:00",1123.66
"2017-02-22 00:00:00",1122.19
"2017-02-23 00:00:00",1178.38
"2017-02-24 00:00:00",1180.92
"2017-02-25 00:00:00",1151.58
"2017-02-26 00:00:00",1179.97
"2017-02-27 00:00:00",1194.28
"2017-02-28 00:00:00",1190.89
"2017-03-01 00:00:00",1230.02
"2017-03-02 00:00:00",1260.92
"2017-03-03 00:00:00",1290.79
"2017-03-04 00:00:00",1267.68
"2017-03-05 00:00:00",1277.68
"2017-03-06 00:00:00",1280.87
"2017-03-07 00:00:00",1232.43
"2017-03-08 00:00:00",1150.48
"2017-03-09 00:00:00",1191.81
"2017-03-10 00:00:00",1117.02
"2017-03-11 00:00:00",1181.64
"2017-03-12 00:00:00",1229.5
"2017-03-13 00:00:00",1243.24
"2017-03-14 00:00:00",1246.31
"2017-03-15 00:00:00",1259.6
"2017-03-16 00:00:00",1172.91
"2017-03-17 00:00:00",1070.13
"2017-03-18 00:00:00",970.6
"2017-03-19 00:00:00",1017.8
"2017-03-20 00:00:00",1041.34
"2017-03-21 00:00:00",1115.04
"2017-03-22 00:00:00",1037.44
"2017-03-23 00:00:00",1029.95
"2017-03-24 00:00:00",935.95
"2017-03-25 00:00:00",964.69
"2017-03-26 00:00:00",965.23
"2017-03-27 00:00:00",1040.49
"2017-03-28 00:00:00",1044.25
"2017-03-29 00:00:00",1040.39
"2017-03-30 00:00:00",1037.53
"2017-03-31 00:00:00",1079.75
"2017-04-01 00:00:00",1089.51
"2017-04-02 00:00:00",1098.78
"2017-04-03 00:00:00",1147.63
"2017-04-04 00:00:00",1143.75
"2017-04-05 00:00:00",1135
"2017-04-06 00:00:00",1190.6
"2017-04-07 00:00:00",1193.02
"2017-04-08 00:00:00",1184.82
"2017-04-09 00:00:00",1210.05
"2017-04-10 00:00:00",1213.34
"2017-04-11 00:00:00",1224.77
"2017-04-12 00:00:00",1216.5
"2017-04-13 00:00:00",1178.53
"2017-04-14 00:00:00",1183.44
"2017-04-15 00:00:00",1180.7
"2017-04-16 00:00:00",1184.79
"2017-04-17 00:00:00",1203.73
"2017-04-18 00:00:00",1217.6
"2017-04-19 00:00:00",1226.94
"2017-04-20 00:00:00",1255.4
"2017-04-21 00:00:00",1257.13
"2017-04-22 00:00:00",1244.37
"2017-04-23 00:00:00",1248.22
"2017-04-24 00:00:00",1248.32
"2017-04-25 00:00:00",1263.54
"2017-04-26 00:00:00",1284.84
"2017-04-27 00:00:00",1329.19
"2017-04-28 00:00:00",1320.05
"2017-04-29 00:00:00",1327.04
"2017-04-30 00:00:00",1347.96
"2017-05-01 00:00:00",1402.08
"2017-05-02 00:00:00",1443.68
"2017-05-03 00:00:00",1492
"2017-05-04 00:00:00",1515.63
"2017-05-05 00:00:00",1512.21
"2017-05-06 00:00:00",1548.29
"2017-05-07 00:00:00",1555.47
"2017-05-08 00:00:00",1639.32
"2017-05-09 00:00:00",1706.93
"2017-05-10 00:00:00",1756.8
"2017-05-11 00:00:00",1807.37
"2017-05-12 00:00:00",1676.99
"2017-05-13 00:00:00",1759.96
"2017-05-14 00:00:00",1772.42
"2017-05-15 00:00:00",1697.38
"2017-05-16 00:00:00",1718.2
"2017-05-17 00:00:00",1802.16
"2017-05-18 00:00:00",1887.33
"2017-05-19 00:00:00",1968.1
"2017-05-20 00:00:00",2051.73
"2017-05-21 00:00:00",2055.62
"2017-05-22 00:00:00",2139.03
"2017-05-23 00:00:00",2291.48
"2017-05-24 00:00:00",2476.3
"2017-05-25 00:00:00",2357.5
"2017-05-26 00:00:00",2247.48
"2017-05-27 00:00:00",2106.31
"2017-05-28 00:00:00",2207.58
"2017-05-29 00:00:00",2289.87
"2017-05-30 00:00:00",2197.23
"2017-05-31 00:00:00",2330.23
"2017-06-01 00:00:00",2452.18
"2017-06-02 00:00:00",2517.41
"2017-06-03 00:00:00",2555.65
"2017-06-04 00:00:00",2552.81
"2017-06-05 00:00:00",2736.59
"2017-06-06 00:00:00",2914.08
"2017-06-07 00:00:00",2694.22
"2017-06-08 00:00:00",2825.03
"2017-06-09 00:00:00",2826.7
"2017-06-10 00:00:00",2942.34
"2017-06-11 00:00:00",3018.54
"2017-06-12 00:00:00",2682.59
"2017-06-13 00:00:00",2738.93
"2017-06-14 00:00:00",2494.48
"2017-06-15 00:00:00",2456.92
"2017-06-16 00:00:00",2528.1
"2017-06-17 00:00:00",2664
"2017-06-18 00:00:00",2576.17
"2017-06-19 00:00:00",2641.66
"2017-06-20 00:00:00",2778.83
"2017-06-21 00:00:00",2712.16
"2017-06-22 00:00:00",2740.79
"2017-06-23 00:00:00",2738.22
"2017-06-24 00:00:00",2619.12
"2017-06-25 00:00:00",2594.45
"2017-06-26 00:00:00",2485.36
"2017-06-27 00:00:00",2593.17
"2017-06-28 00:00:00",2584.56
"2017-06-29 00:00:00",2561.56
"2017-06-30 00:00:00",2499.98
"2017-07-01 00:00:00",2460.2
"2017-07-02 00:00:00",2529.78
"2017-07-03 00:00:00",2581.07
"2017-07-04 00:00:00",2625.07
"2017-07-05 00:00:00",2629.27
"2017-07-06 00:00:00",2619.11
"2017-07-07 00:00:00",2521.24
"2017-07-08 00:00:00",2579.93
"2017-07-09 00:00:00",2525.67
"2017-07-10 00:00:00",2371.96
"2017-07-11 00:00:00",2332.19
"2017-07-12 00:00:00",2423.16
"2017-07-13 00:00:00",2364.52
"2017-07-14 00:00:00",2232.65
"2017-07-15 00:00:00",1993.26
"2017-07-16 00:00:00",1938.94
"2017-07-17 00:00:00",2244.26
"2017-07-18 00:00:00",2327.9
"2017-07-19 00:00:00",2294.4
"2017-07-20 00:00:00",2877.39
"2017-07-21 00:00:00",2694.29
"2017-07-22 00:00:00",2838.81
"2017-07-23 00:00:00",2762.63
"2017-07-24 00:00:00",2779.04
"2017-07-25 00:00:00",2591.22
"2017-07-26 00:00:00",2550.18
"2017-07-27 00:00:00",2697.47
"2017-07-28 00:00:00",2805.18
"2017-07-29 00:00:00",2720.08
"2017-07-30 00:00:00",2746.33
"2017-07-31 00:00:00",2873.83
"2017-08-01 00:00:00",2735.59
"2017-08-02 00:00:00",2723.58
"2017-08-03 00:00:00",2814.36
"2017-08-04 00:00:00",2883.68
"2017-08-05 00:00:00",3301.76
"2017-08-06 00:00:00",3255
"2017-08-07 00:00:00",3431.97
"2017-08-08 00:00:00",3453.16
"2017-08-09 00:00:00",3377.54
"2017-08-10 00:00:00",3445.28
"2017-08-11 00:00:00",3679.61
"2017-08-12 00:00:00",3917.65
"2017-08-13 00:00:00",4111.2
"2017-08-14 00:00:00",4382.74
"2017-08-15 00:00:00",4204.43
"2017-08-16 00:00:00",4425.3
"2017-08-17 00:00:00",4316.34
"2017-08-18 00:00:00",4159.46
"2017-08-19 00:00:00",4206.13
"2017-08-20 00:00:00",4111.22
"2017-08-21 00:00:00",4054.94
"2017-08-22 00:00:00",4137.67
"2017-08-23 00:00:00",4191.22
"2017-08-24 00:00:00",4362.47
"2017-08-25 00:00:00",4408.32
"2017-08-26 00:00:00",4387.46
"2017-08-27 00:00:00",4394.51
"2017-08-28 00:00:00",4439.66
"2017-08-29 00:00:00",4648.13
"2017-08-30 00:00:00",4630.73
"2017-08-31 00:00:00",4764.87
"2017-09-01 00:00:00",4950.72
"2017-09-02 00:00:00",4643.97
"2017-09-03 00:00:00",4631.69
"2017-09-04 00:00:00",4319.72
"2017-09-05 00:00:00",4422.12
"2017-09-06 00:00:00",4626.72
"2017-09-07 00:00:00",4638.1
"2017-09-08 00:00:00",4317.54
"2017-09-09 00:00:00",4291.88
"2017-09-10 00:00:00",4191.17
"2017-09-11 00:00:00",4188.84
"2017-09-12 00:00:00",4148.27
"2017-09-13 00:00:00",3874.26
"2017-09-14 00:00:00",3226.41
"2017-09-15 00:00:00",3686.9
"2017-09-16 00:00:00",3678.74
"2017-09-17 00:00:00",3672.57
"2017-09-18 00:00:00",4067.08
"2017-09-19 00:00:00",3897
"2017-09-20 00:00:00",3858.09
"2017-09-21 00:00:00",3612.68
"2017-09-22 00:00:00",3603.31
"2017-09-23 00:00:00",3777.29
"2017-09-24 00:00:00",3662.12
"2017-09-25 00:00:00",3927.5
"2017-09-26 00:00:00",3895.51
"2017-09-27 00:00:00",4208.56
"2017-09-28 00:00:00",4185.29
"2017-09-29 00:00:00",4164.1
"2017-09-30 00:00:00",4353.05
"2017-10-01 00:00:00",4394.64
"2017-10-02 00:00:00",4404.1
"2017-10-03 00:00:00",4320.09
"2017-10-04 00:00:00",4225.92
"2017-10-05 00:00:00",4322.75
"2017-10-06 00:00:00",4370.24
"2017-10-07 00:00:00",4437.03
"2017-10-08 00:00:00",4596.96
"2017-10-09 00:00:00",4772.97
"2017-10-10 00:00:00",4754.7
"2017-10-11 00:00:00",4830.77
"2017-10-12 00:00:00",5439.13
"2017-10-13 00:00:00",5640.13
"2017-10-14 00:00:00",5809.69
"2017-10-15 00:00:00",5697.39
"2017-10-16 00:00:00",5754.22
"2017-10-17 00:00:00",5595.23
"2017-10-18 00:00:00",5572.2
"2017-10-19 00:00:00",5699.58
"2017-10-20 00:00:00",5984.09
"2017-10-21 00:00:00",6013.23
"2017-10-22 00:00:00",5984.96
"2017-10-23 00:00:00",5895.3
"2017-10-24 00:00:00",5518.85
"2017-10-25 00:00:00",5733.9
"2017-10-26 00:00:00",5888.14
"2017-10-27 00:00:00",5767.68
"2017-10-28 00:00:00",5732.82
"2017-10-29 00:00:00",6140.53
"2017-10-30 00:00:00",6121.8
"2017-10-31 00:00:00",6447.67
"2017-11-01 00:00:00",6750.17
"2017-11-02 00:00:00",7030
"2017-11-03 00:00:00",7161.45
"2017-11-04 00:00:00",7387
"2017-11-05 00:00:00",7382.45
"2017-11-06 00:00:00",6958.21
"2017-11-07 00:00:00",7118.8
"2017-11-08 00:00:00",7458.79
"2017-11-09 00:00:00",7146.78
"2017-11-10 00:00:00",6570.31
"2017-11-11 00:00:00",6337
"2017-11-12 00:00:00",5857.32
"2017-11-13 00:00:00",6517.68
"2017-11-14 00:00:00",6598.77
"2017-11-15 00:00:00",7279
"2017-11-16 00:00:00",7843.94
"2017-11-17 00:00:00",7689.91
"2017-11-18 00:00:00",7776.94
"2017-11-19 00:00:00",8033.94
"2017-11-20 00:00:00",8238.2
"2017-11-21 00:00:00",8095.59
"2017-11-22 00:00:00",8230.69
"2017-11-23 00:00:00",8002.64
"2017-11-24 00:00:00",8201.46
"2017-11-25 00:00:00",8763.78
"2017-11-26 00:00:00",9326.59
"2017-11-27 00:00:00",9739.05
"2017-11-28 00:00:00",9908.23
"2017-11-29 00:00:00",9816.35
"2017-11-30 00:00:00",9916.54
"2017-12-01 00:00:00",10859.56
"2017-12-02 00:00:00",10895.01
"2017-12-03 00:00:00",11180.89
"2017-12-04 00:00:00",11616.85
"2017-12-05 00:00:00",11696.06
"2017-12-06 00:00:00",13708.99
"2017-12-07 00:00:00",16858.02
"2017-12-08 00:00:00",16057.14
"2017-12-09 00:00:00",14913.4
"2017-12-10 00:00:00",15036.96
"2017-12-11 00:00:00",16699.68
"2017-12-12 00:00:00",17178.1
"2017-12-13 00:00:00",16407.2
"2017-12-14 00:00:00",16531.08
"2017-12-15 00:00:00",17601.94
"2017-12-16 00:00:00",19343.04
"2017-12-17 00:00:00",19086.64
"2017-12-18 00:00:00",18960.52
"2017-12-19 00:00:00",17608.35
"2017-12-20 00:00:00",16454.72
"2017-12-21 00:00:00",15561.05
"2017-12-22 00:00:00",13857.14
"2017-12-23 00:00:00",14548.71
"2017-12-24 00:00:00",13975.44
"2017-12-25 00:00:00",13917.03
"2017-12-26 00:00:00",15745.26
"2017-12-27 00:00:00",15378.28
"2017-12-28 00:00:00",14428.76
"2017-12-29 00:00:00",14427.87
"2017-12-30 00:00:00",12629.81
"2017-12-31 00:00:00",13860.14
"2018-01-01 00:00:00",13412.44
"2018-01-02 00:00:00",14740.76
"2018-01-03 00:00:00",15134.65
"2018-01-04 00:00:00",15155.23
"2018-01-05 00:00:00",16937.17
"2018-01-06 00:00:00",17135.84
"2018-01-07 00:00:00",16178.49
"2018-01-08 00:00:00",14970.36
"2018-01-09 00:00:00",14439.47
"2018-01-10 00:00:00",14890.72
"2018-01-11 00:00:00",13287.26
"2018-01-12 00:00:00",13812.71
"2018-01-13 00:00:00",14188.78
"2018-01-14 00:00:00",13619.03
"2018-01-15 00:00:00",13585.9
"2018-01-16 00:00:00",11348.02
"2018-01-17 00:00:00",11141.25
"2018-01-18 00:00:00",11250.65
"2018-01-19 00:00:00",11514.92
"2018-01-20 00:00:00",12759.64
"2018-01-21 00:00:00",11522.86
"2018-01-22 00:00:00",10772.15
"2018-01-23 00:00:00",10839.83
"2018-01-24 00:00:00",11399.52
"2018-01-25 00:00:00",11137.24
"2018-01-26 00:00:00",11090.06
"2018-01-27 00:00:00",11407.15
"2018-01-28 00:00:00",11694.47
"2018-01-29 00:00:00",11158.39
"2018-01-30 00:00:00",10035
"2018-01-31 00:00:00",10166.51
"2018-02-01 00:00:00",9052.58
"2018-02-02 00:00:00",8827.63
"2018-02-03 00:00:00",9224.39
"2018-02-04 00:00:00",8186.65
"2018-02-05 00:00:00",6914.26
"2018-02-06 00:00:00",7700.39
"2018-02-07 00:00:00",7581.8
"2018-02-08 00:00:00",8237.24
"2018-02-09 00:00:00",8689.84
"2018-02-10 00:00:00",8556.61
"2018-02-11 00:00:00",8070.8
"2018-02-12 00:00:00",8891.21
"2018-02-13 00:00:00",8516.24
"2018-02-14 00:00:00",9477.84
"2018-02-15 00:00:00",10016.49
"2018-02-16 00:00:00",10178.71
"2018-02-17 00:00:00",11092.15
"2018-02-18 00:00:00",10396.63
"2018-02-19 00:00:00",11159.72
"2018-02-20 00:00:00",11228.24
"2018-02-21 00:00:00",10456.17
"2018-02-22 00:00:00",9830.43
"2018-02-23 00:00:00",10149.46
"2018-02-24 00:00:00",9682.38
"2018-02-25 00:00:00",9586.46
"2018-02-26 00:00:00",10313.08
"2018-02-27 00:00:00",10564.42
"2018-02-28 00:00:00",10309.64
"2018-03-01 00:00:00",10907.59
"2018-03-02 00:00:00",11019.52
"2018-03-03 00:00:00",11438.65
"2018-03-04 00:00:00",11479.73
"2018-03-05 00:00:00",11432.98
"2018-03-06 00:00:00",10709.53
"2018-03-07 00:00:00",9906.8
"2018-03-08 00:00:00",9299.28
"2018-03-09 00:00:00",9237.05
"2018-03-10 00:00:00",8787.16
"2018-03-11 00:00:00",9532.74
"2018-03-12 00:00:00",9118.27
"2018-03-13 00:00:00",9144.15
"2018-03-14 00:00:00",8196.9
"2018-03-15 00:00:00",8256.99
"2018-03-16 00:00:00",8269.33
"2018-03-17 00:00:00",7862.11
"2018-03-18 00:00:00",8196.02
"2018-03-19 00:00:00",8594.19
"2018-03-20 00:00:00",8915.9
"2018-03-21 00:00:00",8895.4
"2018-03-22 00:00:00",8712.89
"2018-03-23 00:00:00",8918.74
"2018-03-24 00:00:00",8535.89
"2018-03-25 00:00:00",8449.83
"2018-03-26 00:00:00",8138.34
"2018-03-27 00:00:00",7790.16
"2018-03-28 00:00:00",7937.2
"2018-03-29 00:00:00",7086.49
"2018-03-30 00:00:00",6844.32
"2018-03-31 00:00:00",6926.02
"2018-04-01 00:00:00",6816.74
"2018-04-02 00:00:00",7049.79
"2018-04-03 00:00:00",7417.89
"2018-04-04 00:00:00",6789.3
"2018-04-05 00:00:00",6774.75
"2018-04-06 00:00:00",6620.41
"2018-04-07 00:00:00",6896.28
"2018-04-08 00:00:00",7022.71
"2018-04-09 00:00:00",6773.94
"2018-04-10 00:00:00",6830.9
"2018-04-11 00:00:00",6939.55
"2018-04-12 00:00:00",7916.37
"2018-04-13 00:00:00",7889.23
"2018-04-14 00:00:00",8003.68
"2018-04-15 20:04:00",8318.27